"source","id","word","issues","meaning"
"words_data.js","34","accommodate","DOUBLED_DOT|BAD_POS_PREFIX","vni.. 住适处应，；膳调宿解；调节；和解；预订铺"
"words_data.js","66","actress","BAD_POS_PREFIX|INTERLEAVED","nad. 女j. 真演实员的，实际的；现行的，目前"
"words_data.js","89","advance","BAD_POS_PREFIX|INTERLEAVED","nad. 发j. 先展进；的前；进高；级增的长；；晚预期付的款；年老"
"words_data.js","91","advantage","DOUBLED_DOT|BAD_POS_PREFIX","nn.. 优到势来；；利出益现；；有基利督条降件临；基督降临"
"words_data.js","131","agree","BAD_POS_PREFIX","vaid. jv. i令. 同人意愉，快意的见；一适致合；的约；定和，蔼商可定亲"
"words_data.js","132","agreeable","NO_POS_PREFIX|INTERLEAVED","的n. 农业；农耕；农业生产；农艺，农"
"words_data.js","144","albeit","BAD_POS_PREFIX|INTERLEAVED","cno. n相j.簿 虽；然唱；片即集使；集邮簿；签名纪念"
"words_data.js","201","analyse","DOUBLED_DOT|BAD_POS_PREFIX","vvtt.. 分对析…进；行分分解析；，细分察解（等于"
"words_data.js","202","analyze","NO_POS_PREFIX","任何人；任何一个"
"words_data.js","206","ancestor","DOUBLED_DOT|BAD_POS_PREFIX","nn.. 始锚祖；，抛祖锚先停；泊被；继靠承山人；新闻节目主"
"words_data.js","226","antenna","BAD_POS_PREFIX","nvt. . [预电期讯，] 天期线望；；[动占]先 触，角抢，先[昆；]提 触前须使"
"words_data.js","229","anxiety","BAD_POS_PREFIX|INTERLEAVED","nad. 焦j. 焦虑虑；的渴；望担；忧挂的念；；渴令望人的焦；虑急的切事"
"words_data.js","275","architect","DOUBLED_DOT|BAD_POS_PREFIX","nn.. 建建筑筑师学；建筑风格；建筑式样；架"
"words_data.js","299","article","BAD_POS_PREFIX|INTERLEAVED","nad. 文j. 发章音；清物晰品的；；条口款才；好[语的] ；冠有词关节"
"words_data.js","301","artificial","INTERLEAVED","adj. 人造的；仿造的；虚伪的；非原产n. 地艺的术；家武；断美的术家（尤指画家）；大"
"words_data.js","303","artistic","BAD_POS_PREFIX","acodnj. j艺. 因术为的；；随风着雅；的虽；然有；美依感照的；当…"
"words_data.js","307","ash","BAD_POS_PREFIX|INTERLEAVED","nad. 灰j. 惭；愧灰的烬，感到难为情的；耻于……"
"words_data.js","310","aside","BAD_POS_PREFIX|INTERLEAVED","pvtr.e 问p.， 在询…问旁；边要求；需要；邀请；讨"
"words_data.js","371","fall","DOUBLED_DOT|BAD_POS_PREFIX","nn.. 下助降动；词秋；天辅；助瀑者布，辅助物；附属机"
"words_data.js","386","awful","DOUBLED_DOT|BAD_POS_PREFIX","aaddjj.. 可尴怕尬的的；；极笨坏拙的的；；使棘人手敬的畏；的不合"
"words_data.js","408","balcony","BAD_POS_PREFIX|INTERLEAVED","nad. 阳j. 秃台顶；的包；厢光；秃戏的院；楼单厅调的；无装"
"words_data.js","428","bargain","DOUBLED_DOT|BAD_POS_PREFIX","nn.. 交树易皮；；便深宜青货棕；色契；约毛皮；皮肤；狗"
"words_data.js","429","bark","NO_POS_PREFIX","在…之间"
"words_data.js","489","benefit","BAD_POS_PREFIX|INTERLEAVED","nad. 利j. 良益性，的好；处和；蔼救的济，金亲切的；吉利"
"words_data.js","519","bit","NO_POS_PREFIX","少量；马嚼子；辅币；老一套；一点，一块"
"words_data.js","521","bitter","BAD_POS_PREFIX|INTERLEAVED","nad. 苦j. 奇味异；的苦（啤指酒态度，容貌，款式"
"words_data.js","522","bizarre","NO_POS_PREFIX","等）"
"words_data.js","543","blow","BAD_POS_PREFIX|INTERLEAVED","nad. 吹j. 蓝；色打的击；；沮殴丧打的，忧郁的；下流"
"words_data.js","544","blue","NO_POS_PREFIX","种情况或境地"
"words_data.js","546","blunder","BAD_POS_PREFIX|INTERLEAVED","nad. 大j. 钝错的，不锋利的；生硬的；直率"
"words_data.js","547","blunt","NO_POS_PREFIX","眉毛；额；表情"
"words_data.js","552","boat","DOUBLED_DOT|BAD_POS_PREFIX","nn.. 小身船体；；轮主船体；大量；团体；主要部"
"words_data.js","553","body","NO_POS_PREFIX","水桶；铲斗；一桶的量"
"words_data.js","593","brandy","DOUBLED_DOT|BAD_POS_PREFIX","nn.. 白黄兰铜地；酒黄铜制品；铜管乐器；厚脸"
"words_data.js","594","brass","NO_POS_PREFIX","馆；小餐馆"
"words_data.js","615","bring","INTERLEAVED","vt. 带来；促使；引起；使某人处于某种ad情j. 敏况锐或的境，地活泼的，轻快的；凛冽"
"words_data.js","626","bruise","DOUBLED_DOT|BAD_POS_PREFIX","nn.. 擦刷伤子；；挫画伤笔；；青毛肿笔；争吵；与某人"
"words_data.js","627","brush","NO_POS_PREFIX","有效冲突；灌木丛地带；矮树丛；狐狸尾巴"
"words_data.js","636","bulb","DOUBLED_DOT|BAD_POS_PREFIX","nn.. 电体灯积泡，；容鳞量茎；；大球多状数物，大部分；大"
"words_data.js","653","bush","DOUBLED_DOT|BAD_POS_PREFIX","nn.. 灌商木业；；矮[贸树易丛] 生意；[贸易] 交易；"
"words_data.js","654","business","NO_POS_PREFIX","事情"
"words_data.js","667","cabin","DOUBLED_DOT|BAD_POS_PREFIX","nn.. 小内屋阁；；客橱舱柜；；船展舱览艺术品的小陈列"
"words_data.js","668","cabinet","NO_POS_PREFIX","制度；审查机构"
"words_data.js","671","café","NO_POS_PREFIX","分之一）；公分"
"words_data.js","702","capsule","DOUBLED_DOT|BAD_POS_PREFIX","nn.. 胶队囊长；，[首植领] 蒴；果船；长太；空上舱尉；；小海容军器上"
"words_data.js","703","captain","NO_POS_PREFIX","回；（俱乐部、协会等的）分"
"words_data.js","717","carriage","INTERLEAVED","n. 运输；运费；四轮马车；举止；客车n. 厢[化学] 载体；运送者；带菌者；货"
"words_data.js","749","celebrity","DOUBLED_DOT|BAD_POS_PREFIX","nn.. 名细人胞；；名电声池；蜂房的巢室；单人小"
"words_data.js","757","centigrade","NO_POS_PREFIX","貌的；根据民法的"
"words_data.js","786","chapter","INTERLEAVED","n. 章，回；（俱乐部、协会等的）分会n. ；性人格生，或品历质史；上特的性重；要角时色期；[计] 字"
"words_data.js","787","character","NO_POS_PREFIX","别在某物上，用夹子夹在某物上"
"words_data.js","799","cheat","DOUBLED_DOT|BAD_POS_PREFIX","nn.. 欺<美骗>，支作票弊；；制骗止子，抑制；检验，核"
"words_data.js","808","cheque","DOUBLED_DOT|BAD_POS_PREFIX","nn.. 支<美票>支票；制止，抑制；检验，核"
"words_data.js","836","cigarette","DOUBLED_DOT|BAD_POS_PREFIX","nn.. 香电烟影；；纸电烟影院；电影业，电影制作"
"words_data.js","910","cognitive","DOUBLED_DOT|BAD_POS_PREFIX","aaddjj.. 认连知贯的的，，认一识致的的；明了的；清晰"
"words_data.js","911","coherent","NO_POS_PREFIX","的；凝聚性的；互相耦合的；粘在一起的"
"words_data.js","929","colonial","DOUBLED_DOT|BAD_POS_PREFIX","nn.. 殖殖民民地地居；民移民队；种群；动物栖息"
"words_data.js","937","combine","DOUBLED_DOT|BAD_POS_PREFIX","nvi.. 联来合；收开割始机；；出联现合；企发业生；变成；到"
"words_data.js","938","come","NO_POS_PREFIX","真的；尽责的；本着良心的；"
"words_data.js","975","compete","BAD_POS_PREFIX","vaid. j竞. 胜争任；的比；赛有；能对力抗的；能干的；足"
"words_data.js","1107","conversely","BAD_POS_PREFIX|INTERLEAVED","and. 转v. 换相；反变地换；[金融] 兑换；改变信"
"words_data.js","1108","conversion","NO_POS_PREFIX","的）臀肉；银行储蓄"
"words_data.js","1135","correspondence","DOUBLED_DOT|BAD_POS_PREFIX","nn.. 通通信讯；记一者致；；客相户当；通信者；代理商"
"words_data.js","1136","correspondent","NO_POS_PREFIX","期限，最后期限"
"words_data.js","1137","corridor","NO_POS_PREFIX","走廊"
"words_data.js","1151","council","INTERLEAVED","n. 委员会；会议；理事会；地方议会n. ；法顾律问顾班问子；忠告；商议；讨论；决"
"words_data.js","1169","coward","DOUBLED_DOT|BAD_POS_PREFIX","nn.. 懦螃夫蟹，；懦蟹弱肉的；人脾气乖戾的人；起重"
"words_data.js","1202","crown","BAD_POS_PREFIX|INTERLEAVED","nad. 王j. 重冠要；的花；冠决；定王性权的；；顶定点局的；决"
"words_data.js","1342","deploy","DOUBLED_DOT|BAD_POS_PREFIX","nn.. 部存署款；押金；订金；保证金；沉淀"
"words_data.js","1372","destruction","BAD_POS_PREFIX|INTERLEAVED","nad. 破j. 破坏坏，的毁；灭毁；灭摧性毁的；有害的，消"
"words_data.js","1391","diagnose","NO_POS_PREFIX","疑的；暧昧的；无把握的；半；鸭肉；（英）宝贝儿；零分"
"words_data.js","1428","diplomatic","DOUBLED_DOT|BAD_POS_PREFIX","aaddjj.. 外直交接的的；；外直交系上的的；；亲老身练的的；恰好"
"words_data.js","1433","directory","NO_POS_PREFIX","效的，起作用的；实际的，实"
"words_data.js","1466","disperse","DOUBLED_DOT|BAD_POS_PREFIX","vvtt.. 分取散代；；使置散换开；；转传移播；把…免职；排"
"words_data.js","1467","displace","NO_POS_PREFIX","说服力的；动人的"
"words_data.js","1470","dispose","DOUBLED_DOT|BAD_POS_PREFIX","nn.. 处处置置；；性[心情理] 性情；[军] 部署；倾"
"words_data.js","1471","disposition","NO_POS_PREFIX","邮件"
"words_data.js","1479","distill","BAD_POS_PREFIX","vatd. j提. 明取显；的蒸；馏独；特使的滴；下清楚的；有区"
"words_data.js","1487","district","BAD_POS_PREFIX","nvt. . 区打域扰；；地妨方碍；；行使政不区安；弄乱；使恼"
"words_data.js","1532","dozen","DOUBLED_DOT|BAD_POS_PREFIX","nn.. 十汇二票个；，草一稿打；选派；（尤指房间、"
"words_data.js","1533","draft","NO_POS_PREFIX","烟囱、炉子等供暖系统中的）（小股）气流"
"words_data.js","1536","drain","DOUBLED_DOT|BAD_POS_PREFIX","nn.. 排戏水剧；，下戏水剧道艺，术排；水剧管本；；消戏耗剧性事"
"words_data.js","1608","edition","DOUBLED_DOT|BAD_POS_PREFIX","nn.. 版编本者，编辑；社论撰写人；编辑装"
"words_data.js","1624","eject","BAD_POS_PREFIX","vatd. j喷. 精射心；制驱作逐的，；逐详出尽的；煞费苦心"
"words_data.js","1637","elegant","INTERLEAVED","adj. 高雅的，优雅的；讲究的；简炼的n. ；元简素洁；的要素；原理；成分；自然环"
"words_data.js","1655","embassy","BAD_POS_PREFIX","nvt. . 大栽使种馆；；使大嵌使入馆，全使体插人入员；使深留脑"
"words_data.js","1698","engagement","DOUBLED_DOT|BAD_POS_PREFIX","nn.. 婚引约擎；，约发会动；机交；战机；车诺，言火车头；工"
"words_data.js","1699","engine","NO_POS_PREFIX","定；集中于；扎牢；强加于"
"words_data.js","1705","enlighten","BAD_POS_PREFIX","vatd. j启. 庞发大，的启，蒙巨；大教的导；，凶开暴导的；，照极耀恶"
"words_data.js","1715","ensure","DOUBLED_DOT|BAD_POS_PREFIX","vvtt.. 保使证需，要确，保必；需使；安承全担；遗传给；蕴"
"words_data.js","1728","entry","INTERLEAVED","n. 进入；入口；条目；登记；报关手续n. ；信对封土，地封的皮侵；占包膜；[天] 包层；包"
"words_data.js","1729","envelope","NO_POS_PREFIX","的；娇柔的"
"words_data.js","1734","epidemic","DOUBLED_DOT|BAD_POS_PREFIX","nn.. 传插染曲病；；一流段行情病节；；风插尚话等；的有流趣行的事"
"words_data.js","1735","episode","NO_POS_PREFIX","建制度的；领地的；世仇的"
"words_data.js","1738","equality","DOUBLED_DOT|BAD_POS_PREFIX","nn.. 平方等程；式相，等等；式[；数相] 等等式；[化学] 反应"
"words_data.js","1739","equation","NO_POS_PREFIX","的）体形；画像"
"words_data.js","1769","evaluate","DOUBLED_DOT|BAD_POS_PREFIX","vvtt.. 评使价……；蒸估发价；；使求………的脱值水；使……消"
"words_data.js","1810","exclude","BAD_POS_PREFIX","vnt. . 独排家除新；闻排；斥独；家拒经绝营接的纳项；目逐；出排外"
"words_data.js","1822","exhibition","DOUBLED_DOT|BAD_POS_PREFIX","nn.. 展流览放，，显充示军；；展放览逐会，；被展放览逐品者；流"
"words_data.js","1844","explanation","BAD_POS_PREFIX|INTERLEAVED","nad. 说j. 明明确，的解；释清；楚辩的解；直率的；详述"
"words_data.js","1857","extend","INTERLEAVED","vt. 延伸；扩大；推广；伸出；给予；使n. 竭延尽长全；力延；期对；…扩估大价；伸展；电话分"
"words_data.js","1867","extraordinary","INTERLEAVED","adj. 非凡的；特别的；离奇的；临时的ad；j. 奢特侈派的的；浪费的；过度的；放纵"
"words_data.js","1868","extravagant","NO_POS_PREFIX|INTERLEAVED","的n. 极端；末端；最大程度；极端的事"
"words_data.js","1876","fabulous","INTERLEAVED","adj. 难以置信的；传说的，寓言中的n. ；脸极；好表的面；面子；面容；外观；威"
"words_data.js","1884","faculty","DOUBLED_DOT|BAD_POS_PREFIX","nn.. 科[电，影系][电；视能]力 淡；出全；体[电教影员][电视] 淡"
"words_data.js","1899","famine","BAD_POS_PREFIX|INTERLEAVED","nad. 饥j. 著荒名；的饥；饿极，好奇的缺，非常令人满意"
"words_data.js","1910","farmer","BAD_POS_PREFIX|INTERLEAVED","nad. 农j. 进夫一，步农的民；更远的（far的比较"
"words_data.js","1911","farther","NO_POS_PREFIX","级）"
"words_data.js","1927","favourable","DOUBLED_DOT|BAD_POS_PREFIX","nn.. 有幸利运儿；喜欢的事物；特别喜欢的"
"words_data.js","1928","favorite","NO_POS_PREFIX","概念；产生；一代人；生殖"
"words_data.js","1936","feather","DOUBLED_DOT|BAD_POS_PREFIX","nn.. 羽特毛色，特征；容貌；特写或专题节"
"words_data.js","1941","fee","BAD_POS_PREFIX|INTERLEAVED","nad. 费j. 微用弱；的酬，金无；力小的费；虚弱的；薄弱"
"words_data.js","1942","feeble","NO_POS_PREFIX|INTERLEAVED","的n. 饲料；饲养；（动物或婴儿的）一"
"words_data.js","1998","flame","DOUBLED_DOT|BAD_POS_PREFIX","nn.. 火拍焰打；，热拍情打；声光；辉神经紧张；[航] 襟"
"words_data.js","2021","fluctuate","BAD_POS_PREFIX","vaid. j波. 流动畅；的涨，落流；利动的摇；液态的；畅流"
"words_data.js","2040","for","INTERLEAVED","prep. 为，为了；因为；给；对于；至于vt.； 禁适止合；于不准；不允许；〈正式〉严"
"words_data.js","2041","forbid","NO_POS_PREFIX","学生宿舍；大厅，前厅；娱乐中心，；立定；休息"
"words_data.js","2045","forehead","BAD_POS_PREFIX|INTERLEAVED","nad. 额j. 外，国前的额；外交的；异质的；不相"
"words_data.js","2113","fruit","BAD_POS_PREFIX|INTERLEAVED","nad. 水j. 富果有；成产效物的；多产的；果实结得"
"words_data.js","2122","fun","DOUBLED_DOT|BAD_POS_PREFIX","nn.. 乐功趣能；；玩[数笑] 函；数有；趣职的责人；或盛事大的集"
"words_data.js","2123","function","NO_POS_PREFIX","平；天空；由麻醉品引起的快"
"words_data.js","2167","generalize","DOUBLED_DOT|BAD_POS_PREFIX","vvit.. 形使成形概成念；发生；生殖；产生物理反"
"words_data.js","2168","generate","NO_POS_PREFIX","怕的；极讨厌的；惨状；极端厌恶；令人恐怖"
"words_data.js","2214","gold","BAD_POS_PREFIX|INTERLEAVED","nad. 金j. 金，色黄的金，；黄金金色般；的金；币珍贵的；金"
"words_data.js","2230","graceful","DOUBLED_DOT|BAD_POS_PREFIX","aaddjj.. 优亲雅切的的；；优高美尚的的；和蔼的；雅致"
"words_data.js","2256","greenhouse","BAD_POS_PREFIX","nvt. . 温欢室迎，迎接；致敬，致意；映入眼"
"words_data.js","2298","half","DOUBLED_DOT|BAD_POS_PREFIX","nn.. 一过半道；，半门场厅；，半走学廊年；会堂；食堂；"
"words_data.js","2299","hall","NO_POS_PREFIX","学生宿舍；大厅，前厅；娱乐中心，会所"
"words_data.js","2320","harbour","BAD_POS_PREFIX|INTERLEAVED","nad. 海j. 努港力（的等；于硬ha的rb；or困）难；的避；难辛所苦"
"words_data.js","2321","hard","NO_POS_PREFIX","的；确实的；严厉的；猛烈的；冷酷无情的"
"words_data.js","2331","haste","BAD_POS_PREFIX|INTERLEAVED","nad. 匆j. 轻忙率；的急；忙匆；忙轻的率；草率的；懈怠"
"words_data.js","2336","hatred","DOUBLED_DOT|BAD_POS_PREFIX","nn.. 憎拖恨，；拉怨；恨用；力敌拖意拉；努力得到的结"
"words_data.js","2337","haul","NO_POS_PREFIX","果；捕获物；一网捕获的鱼量；拖运距离"
"words_data.js","2365","hell","INTERLEAVED","n. 地狱；究竟（作加强语气词）；训斥n. ；表黑示暗问势候力， 惊奇或唤起注意时的用"
"words_data.js","2373","henceforth","NO_POS_PREFIX","apdrovn. 今. 她后（；s自he此的以宾后格）；她的（she"
"words_data.js","2374","her","NO_POS_PREFIX","的所有格）；她（指某个国家；一艘船n. ）预兆，征兆；先驱；传令官；报信"
"words_data.js","2422","homogeneous","INTERLEAVED","adj. 均匀的；[数] 齐次的；同种的；同类ad的j. 诚，实同的质，的实在的；可靠的；坦率"
"words_data.js","2471","humour","BAD_POS_PREFIX|INTERLEAVED","nad. 幽j. 诙默谐（的等，于幽hu默m的or；）滑；稽诙的谐，可笑"
"words_data.js","2472","humorous","NO_POS_PREFIX","权，审判权，管辖权；权限，"
"words_data.js","2475","hunger","BAD_POS_PREFIX|INTERLEAVED","nad. 饿j. 饥，饿饥的饿；；渴渴望望的；荒年的；不毛"
"words_data.js","2497","identify","NO_POS_PREFIX|INTERLEAVED","与；把…看成一样 vi. 确定；认同；一致n. 身份；同一性，一致；特性；恒等"
"words_data.js","2516","image","BAD_POS_PREFIX|INTERLEAVED","nad. 影j. 虚像构；的想，象假；想肖的像；；想偶像像的；虚数"
"words_data.js","2553","inch","DOUBLED_DOT|BAD_POS_PREFIX","nn.. 英发寸生；率身；高影；响少；许[光] 入射；影响范"
"words_data.js","2554","incidence","NO_POS_PREFIX","业期；设计；安排；陈列"
"words_data.js","2595","inflict","INTERLEAVED","vt. 造成；使遭受（损伤、痛苦等）；给n. 予影（响打；击势等力）；感化；有影响的人或"
"words_data.js","2632","inspiration","BAD_POS_PREFIX","nvt. . 灵激感发；；鼓鼓舞舞；；吸启气示；；妙产计生；使生灵"
"words_data.js","2633","inspire","NO_POS_PREFIX","凌乱"
"words_data.js","2646","instruct","BAD_POS_PREFIX","vnt. . 指指令导，；命通令知；；指命示令；；教教导授；用法说"
"words_data.js","2653","insure","BAD_POS_PREFIX","vatd. j确. 完保整，的保；证原；封给不…动保的险；未受损伤"
"words_data.js","2662","intend","BAD_POS_PREFIX","vaid. j有. 强打烈算的；紧张的；非常的；热情"
"words_data.js","2669","interest","BAD_POS_PREFIX|INTERLEAVED","nad. 兴j. 有趣趣，的爱；好引；起利兴息趣；的趣，味令；人同关行注"
"words_data.js","2670","interesting","NO_POS_PREFIX","情，爱意；疼爱；热爱；爱"
"words_data.js","2754","judgement","BAD_POS_PREFIX|INTERLEAVED","nad. 意j. 公见正；的判，断明力断；的[法；] 法审庭判的；；评审价判"
"words_data.js","2822","landlady","DOUBLED_DOT|BAD_POS_PREFIX","nn.. 女小房巷东；；[航女][水地运主]； 航女线店；主车道；罚球"
"words_data.js","2823","lane","NO_POS_PREFIX","含有害物质的的；一英里赛跑；较大的距离"
"words_data.js","2840","latitude","BAD_POS_PREFIX|INTERLEAVED","nad. 纬j. 后度者；的界；限近；来活的动；范后围面的；较后"
"words_data.js","2848","lawn","DOUBLED_DOT|BAD_POS_PREFIX","nn.. 草诉地讼；（草尤坪指非刑事案件）；诉讼案"
"words_data.js","2867","lease","BAD_POS_PREFIX|INTERLEAVED","nad. 租j. 最约小；的租；期最；少租的赁（物l；itt租le的赁最权高"
"words_data.js","2868","least","NO_POS_PREFIX","级）"
"words_data.js","2877","legislation","BAD_POS_PREFIX|INTERLEAVED","nad. 立j. 合法法；的法；律正当的；合理的；正统"
"words_data.js","2881","lend","BAD_POS_PREFIX","vnt. . 长贷度；，增长添；，时提间供的；长把短…；…借（给语）音"
"words_data.js","2926","lip","BAD_POS_PREFIX|INTERLEAVED","nad. 嘴j. 液唇体；的边；缘清澈的；明亮的；易变"
"words_data.js","2927","liquid","NO_POS_PREFIX|INTERLEAVED","的n. 酒，含酒精饮料；溶液；液体；烈"
"words_data.js","2937","litter","INTERLEAVED","n. 垃圾；轿，担架；一窝（动物的幼崽ad）j. 小；的凌；乱很少的；短暂的；小巧可"
"words_data.js","2973","lottery","INTERLEAVED","n. 彩票；碰运气的事，难算计的事；抽ad彩j. 大给声奖的法，高声的；不断的；喧吵"
"words_data.js","2974","loud","NO_POS_PREFIX|INTERLEAVED","的n. 休息室；闲逛；躺椅；（英）酒吧"
"words_data.js","2995","lyric","BAD_POS_PREFIX|INTERLEAVED","and. 机j. 抒械情，的机；器吟；唱机的构；机械般工作的"
"words_data.js","2997","machinery","BAD_POS_PREFIX|INTERLEAVED","nad. 机j. 疯械狂；的机；器发；疯机的构；；愚机蠢械的装；置着迷"
"words_data.js","3004","magnetic","DOUBLED_DOT|BAD_POS_PREFIX","aaddjj.. 地高磁尚的的；；有壮磁丽性的的；；华有丽吸的引；力宏的伟"
"words_data.js","3014","maintenance","DOUBLED_DOT|BAD_POS_PREFIX","nn.. 维威护严，；维最修高；权保威持，；王生权活；费雄用伟；权"
"words_data.js","3015","majesty","NO_POS_PREFIX|INTERLEAVED","威adj. 主要的；重要的；主修的；较多"
"words_data.js","3016","major","NO_POS_PREFIX","北方"
"words_data.js","3057","massacre","BAD_POS_PREFIX","vatd. j残. 大杀量；的彻；底巨击大败的，厚重的；魁伟"
"words_data.js","3058","massive","NO_POS_PREFIX","橹；桨手"
"words_data.js","3063","mate","BAD_POS_PREFIX|INTERLEAVED","nad. 助j. 重手要，的大；副物；质配的偶，；实同质事性；的配；对肉物"
"words_data.js","3078","meal","BAD_POS_PREFIX|INTERLEAVED","nad. 一j. 平餐均，的一；顿卑饭鄙；的膳；食低劣的；吝啬"
"words_data.js","3106","memo","DOUBLED_DOT|BAD_POS_PREFIX","nn.. 备纪忘念录碑，纪念馆；纪念仪式；纪念"
"words_data.js","3107","memorial","NO_POS_PREFIX","旧的，古老的；年老的；遗漏；删除；疏忽"
"words_data.js","3132","metric","DOUBLED_DOT|BAD_POS_PREFIX","aaddjj.. 公大制都的市；的米；制大的主；教公辖尺区的的；宗主"
"words_data.js","3135","microscope","BAD_POS_PREFIX|INTERLEAVED","nad. 显j. 中微间镜的，中部的；中级的，中等"
"words_data.js","3150","mind","DOUBLED_DOT|BAD_POS_PREFIX","nn.. 理矿智，，矿精藏神；；矿意山见，；矿智井力；；地记雷忆，力水"
"words_data.js","3163","minute","INTERLEAVED","n. 分，分钟；片刻，一会儿；备忘录n. ，奇笔迹记，；奇会迹议般记的录人或物；惊人的事"
"words_data.js","3164","miracle","NO_POS_PREFIX","建议）应该"
"words_data.js","3175","missionary","BAD_POS_PREFIX|INTERLEAVED","and. 薄j. 传雾教；的视；线传模教糊士不的清；模糊不清之"
"words_data.js","3208","monopoly","BAD_POS_PREFIX|INTERLEAVED","nad. 垄j. 单断调；的垄，断无者抑；扬专顿卖挫权的；无变化"
"words_data.js","3257","musician","BAD_POS_PREFIX|INTERLEAVED","nau. 音x. 乐必家须，一定；可以，应当；很可"
"words_data.js","3277","nation","BAD_POS_PREFIX|INTERLEAVED","nad. 国j. 国家家；的民；族国；民国的民；民族的；国立"
"words_data.js","3280","native","INTERLEAVED","adj. 本国的；土著的；天然的；与生俱ad来j. 自的然；的天；赋物的质的；天生的；不做"
"words_data.js","3297","needle","BAD_POS_PREFIX|INTERLEAVED","nad. 针j. [；数指] 负针的；；刺消激极；的针；状否物定的；阴性"
"words_data.js","3308","nerve","BAD_POS_PREFIX|INTERLEAVED","nad. 神j. 神经经；的勇；气紧；张[植不] 安叶的脉；强健有力"
"words_data.js","3320","next","BAD_POS_PREFIX","aaddvj. . 精然密后的；；下美次好；的其；次细微的；和蔼"
"words_data.js","3331","no","BAD_POS_PREFIX","aaddvj. . 高不尚的；贵族的；惰性的；宏伟"
"words_data.js","3359","nothing","BAD_POS_PREFIX","neg. 没什么；毫不"
"words_data.js","3379","numerous","BAD_POS_PREFIX","avtd. j.看 许护多，的护，理很；多照的顾；培养；给…喂"
"words_data.js","3423","offend","BAD_POS_PREFIX","vatd. j冒. 攻犯击；的使；…冒不犯愉的快；无礼的；讨厌"
"words_data.js","3437","omit","BAD_POS_PREFIX","vatd. v省. 向略前；地遗；漏作；用删中除，；行疏动忽中；继续"
"words_data.js","3438","on","NO_POS_PREFIX","全体居民"
"words_data.js","3443","only","NO_POS_PREFIX","apdrevp. .只 在，…仅之仅上；；不对料…了解；映射到…"
"words_data.js","3489","orphan","DOUBLED_DOT|BAD_POS_PREFIX","aaddjj.. 孤正儿统的的；；无传双统亲的的；惯常的；东正"
"words_data.js","3493","ought to","BAD_POS_PREFIX","modalv. 应该；应当；（表示期望或可能发生的事）应该；（表示劝告或建议）应该"
"words_data.js","3531","overthrow","DOUBLED_DOT|BAD_POS_PREFIX","nn.. 推[劳翻经；] 加倾班覆时；间瓦；解延长时间；加时"
"words_data.js","3554","painful","BAD_POS_PREFIX","avtd. j.油 痛漆苦；的绘；画疼；痛装的饰；；令涂人色不于快；的描"
"words_data.js","3555","paint","NO_POS_PREFIX","绘；（用语言，文字等）描写；擦脂粉等"
"words_data.js","3578","parallel","BAD_POS_PREFIX","nvt. . 平使行…线…无；力对；比使……麻痹；使……瘫"
"words_data.js","3598","passage","DOUBLED_DOT|BAD_POS_PREFIX","nn.. 一旅段客（；文乘章客）；；过走路廊人；；通碍路手碍脚的"
"words_data.js","3599","passenger","NO_POS_PREFIX","块；吹嘘，宣传广告"
"words_data.js","3611","path","BAD_POS_PREFIX|INTERLEAVED","nad. 道j. 可路怜；的小，路悲；哀轨的道；感伤的；乏味"
"words_data.js","3712","pile","DOUBLED_DOT|BAD_POS_PREFIX","nn.. 堆朝；圣大者量；；漫建游筑者群；（美）最初的移"
"words_data.js","3752","pleasure","DOUBLED_DOT|BAD_POS_PREFIX","nn.. 快保乐证；，希誓望言；；娱抵乐押；；令抵人押高品兴，的典事当"
"words_data.js","3753","pledge","NO_POS_PREFIX|INTERLEAVED","物adj. 丰富的；许多的；丰饶的；众多"
"words_data.js","3754","plentiful","NO_POS_PREFIX","之物或人；次品；庆祝；使…有联系；叙述；故事；亲属关系；关联；相关物；[语] 关系词；亲缘"
"words_data.js","3790","pool","BAD_POS_PREFIX|INTERLEAVED","nad. 联j. 贫营穷；的撞；球可；怜水的塘；；贫共乏同的资；金卑鄙"
"words_data.js","3791","poor","NO_POS_PREFIX|INTERLEAVED","的abbr. 卖点广告（Point of"
"words_data.js","3800","portable","DOUBLED_DOT|BAD_POS_PREFIX","nn.. 手门提房式；打服字务机员；行李搬运工；守门"
"words_data.js","3824","poultry","DOUBLED_DOT|BAD_POS_PREFIX","nn.. 家英禽镑；重击，重击声；兽栏；拘留"
"words_data.js","3910","process","INTERLEAVED","n. 过程，进行；方法，步骤；作用；程n. 序队；伍推，移行列；一列，一排；列队行"
"words_data.js","3933","prolong","BAD_POS_PREFIX","vatd. j延. 突长出；的拖，延显著的；杰出的；卓越"
"words_data.js","3934","prominent","NO_POS_PREFIX","出售"
"words_data.js","3946","propel","BAD_POS_PREFIX","vatd. j推. 适进当；的驱；使本；身激的励；；特驱有策的；正派"
"words_data.js","3998","pursuit","DOUBLED_DOT|BAD_POS_PREFIX","nn.. 追推赶，，决追心求；；大职规业模，攻工势作；矢志的追"
"words_data.js","4050","raise","DOUBLED_DOT|BAD_POS_PREFIX","nn.. 高耙地子；；上斜升度；；加钱薪耙；放荡的人，浪"
"words_data.js","4108","recollect","BAD_POS_PREFIX","vv.t .回 推忆荐，，想介起绍；劝告；使受欢迎；托"
"words_data.js","4129","refine","DOUBLED_DOT|BAD_POS_PREFIX","vvtt.. 精反炼映，；提反纯射；，改照善出；；使表…达文；雅显示;反"
"words_data.js","4130","reflect","NO_POS_PREFIX","下；（中小学生对男教师的称呼）先；迷人的女人；歌声动人的女；（称志同道合者）姐妹；修"
"words_data.js","4148","region","DOUBLED_DOT|BAD_POS_PREFIX","nn.. 地登区记；；范注围册；；部记位录；寄存器；登记"
"words_data.js","4165","relax","INTERLEAVED","vi. 放松，休息；松懈，松弛；变从容n. ；[电休] 养继电器；接替，接替人员；驿"
"words_data.js","4178","remain","DOUBLED_DOT|BAD_POS_PREFIX","nn.. 遗[数迹] 余；数剩，余残物余，；残剩骸余物；其余的"
"words_data.js","4179","remainder","NO_POS_PREFIX","阴险的人"
"words_data.js","4254","résumé","NO_POS_PREFIX","特价商品"
"words_data.js","4290","rigid","INTERLEAVED","adj. 严格的；僵硬的，死板的；坚硬的ad；j. 严精格确的的，严厉的；严密的；严酷"
"words_data.js","4291","rigorous","NO_POS_PREFIX","发的；自然的；无意识的"
"words_data.js","4292","rim","DOUBLED_DOT|BAD_POS_PREFIX","nn.. 边戒，指边；缘铃；声轮，辋钟；声圆；圈拳击场；环形"
"words_data.js","4293","ring","NO_POS_PREFIX","员；运动家；冒险家"
"words_data.js","4307","robot","INTERLEAVED","n. 机器人；遥控设备，自动机械；机械ad般j. 强工健作的的；人健康的；粗野的；粗鲁"
"words_data.js","4313","roll","DOUBLED_DOT|BAD_POS_PREFIX","nn.. 卷传，奇卷；形浪物漫；史名；单风；流摇韵晃事；冒险故"
"words_data.js","4335","rubbish","BAD_POS_PREFIX|INTERLEAVED","nad. 垃j. 粗圾鲁，的废；物无；礼废的话；狂暴的；未开"
"words_data.js","4339","rule","DOUBLED_DOT|BAD_POS_PREFIX","nn.. 统尺治；；统规治则者；[测] 划线板，划线的"
"words_data.js","4374","sandwich","BAD_POS_PREFIX|INTERLEAVED","nad. 三j. 健明全治的；；夹理心智面的包；[临床] 神志正常"
"words_data.js","4390","saw","BAD_POS_PREFIX","nvt. . 锯讲子；；说谚明语；例如；声称；假设；指"
"words_data.js","4416","scold","DOUBLED_DOT|BAD_POS_PREFIX","nn.. 责范骂围；；爱余责地骂；的视人野；眼界；导弹射"
"words_data.js","4450","segment","BAD_POS_PREFIX","nvt. . 段使；隔部离分；使分离；在…实行种族隔"
"words_data.js","4461","seminar","DOUBLED_DOT|BAD_POS_PREFIX","nn.. 讨参论议会院，，研上讨院班；（古罗马的）元老"
"words_data.js","4462","senate","NO_POS_PREFIX","或理解"
"words_data.js","4470","sentence","DOUBLED_DOT|BAD_POS_PREFIX","nn.. [感语情][计，]情 句绪子；，情命操题；；观宣点判；，多判愁决善"
"words_data.js","4474","sequence","DOUBLED_DOT|BAD_POS_PREFIX","nn.. [电数视][计连]续 序剧列；；[图顺情序]； 期续刊发；事连件载小"
"words_data.js","4475","serial","NO_POS_PREFIX|INTERLEAVED","说n. 系列，连续；[电] 串联；级数；丛"
"words_data.js","4476","series","NO_POS_PREFIX","于沼泽；使沉没；使陷入困境；天鹅星座；一大群；摇摆；统治；诅咒"
"words_data.js","4490","several","DOUBLED_DOT|BAD_POS_PREFIX","aaddjj.. 几严个峻的的；；各严自厉的的；剧烈的；苛刻"
"words_data.js","4493","sex","BAD_POS_PREFIX|INTERLEAVED","nad. 性j. 破；旧性的别；；卑性鄙行的为；；吝色啬情的；低劣"
"words_data.js","4563","signify","BAD_POS_PREFIX","vnt. . 沉表默示；；寂意静味；；缄预默示；不谈；无声状"
"words_data.js","4584","sip","DOUBLED_DOT|BAD_POS_PREFIX","nn.. 抿先；生小；口（喝用；于单姓列名直前插）式爵组士件；阁"
"words_data.js","4585","sir","NO_POS_PREFIX","下；（中小学生对男教师的称呼）先生；老师"
"words_data.js","4609","sky","DOUBLED_DOT|BAD_POS_PREFIX","nn.. 天摩空天；楼顶，点超高层大楼；特别高的东"
"words_data.js","4670","solar","DOUBLED_DOT|BAD_POS_PREFIX","nn.. 日军光人浴；室[昆] 兵蚁；懒汉；一片烤面"
"words_data.js","4672","sole","BAD_POS_PREFIX|INTERLEAVED","nad. 鞋j. 庄底严；的脚，底严；肃基的础；；隆鳎重目的鱼，郑重"
"words_data.js","4677","solo","BAD_POS_PREFIX|INTERLEAVED","nad. 独j. [奏化；学独] 可唱溶；的独，奏可曲溶解的；可解决"
"words_data.js","4743","sphere","BAD_POS_PREFIX|INTERLEAVED","nad. 范j. 辛围辣；的球；体香的，多香料的；下流"
"words_data.js","4745","spider","DOUBLED_DOT|BAD_POS_PREFIX","nn.. 蜘溢蛛出；，设溅圈出套；者溢；出三量脚；架摔下；小塞"
"words_data.js","4754","splash","BAD_POS_PREFIX|INTERLEAVED","nad. 飞j. 辉溅煌的的水；；灿污烂点的；；卖极弄好的；杰出"
"words_data.js","4787","stagger","BAD_POS_PREFIX|INTERLEAVED","nad. 蹒j. 停跚滞；的交；错不安景排气的；污浊的；迟"
"words_data.js","4795","stale","DOUBLED_DOT|BAD_POS_PREFIX","nn.. 尿（植物的）茎，秆；（支持叶子、"
"words_data.js","4796","stalk","NO_POS_PREFIX","果实和花的）梗，柄；追踪；高视阔步"
"words_data.js","4835","stick","BAD_POS_PREFIX|INTERLEAVED","nad. 棍j. 呆；板手的杖；；坚呆硬头的呆；脑严的厉人的；拘谨"
"words_data.js","4851","store","DOUBLED_DOT|BAD_POS_PREFIX","nn.. 商故店事；；储小备说，；贮新藏闻；报仓道库；来历；假"
"words_data.js","4854","storm","DOUBLED_DOT|BAD_POS_PREFIX","nn.. 暴故风事雨；；小大说动；荡新闻报道；来历；假"
"words_data.js","4856","straight","BAD_POS_PREFIX|INTERLEAVED","nad. 直j. 简；单直的线；；坦直率男的，；直明女确，的异；性径恋直者"
"words_data.js","4872","stretch","INTERLEAVED","vt. 伸展,张开；（大量地）使用，消耗（金钱，时间）；使竭尽所能；使全力ad以j. 严赴格；的；绝对的；精确的；详细"
"words_data.js","4883","stroll","BAD_POS_PREFIX|INTERLEAVED","nad. 漫j. 坚步强；的闲；逛强；壮巡的回；演牢出固的；擅长"
"words_data.js","4884","strong","NO_POS_PREFIX","兰；堇菜；羞怯的人"
"words_data.js","4892","stumble","DOUBLED_DOT|BAD_POS_PREFIX","nn.. 绊昏倒迷；；蹒打跚昏而；行惊倒；令人惊叹的事"
"words_data.js","4916","succession","BAD_POS_PREFIX|INTERLEAVED","nad. 连j. 连续续；的继；位继；承继的承；权依；次[生的态；] 接演替替"
"words_data.js","4929","suicide","DOUBLED_DOT|BAD_POS_PREFIX","nn.. 自诉杀讼；；自恳杀求行；为套；装自，杀西者装；一套外"
"words_data.js","4965","surface","DOUBLED_DOT|BAD_POS_PREFIX","nn.. 表汹面涌；；表大层浪；，外波观涛；汹涌澎湃；巨"
"words_data.js","4966","surge","NO_POS_PREFIX","巨大的东西"
"words_data.js","5016","table","DOUBLED_DOT|BAD_POS_PREFIX","nn.. 桌碑子；；药表片格；；写平字地板层；小块；平板电"
"words_data.js","5028","tall","DOUBLED_DOT|BAD_POS_PREFIX","aaddjj.. 高驯的服；的长；的平；淡过的分；的乏；味夸的大；的顺从"
"words_data.js","5048","tease","INTERLEAVED","vt. 取笑；戏弄；梳理；欺负；强求；使ad起j. 工毛艺的，科技的；技术上的；专"
"words_data.js","5069","temporary","BAD_POS_PREFIX","nvt. . 临诱时惑工；，引临起时；雇冒员…的风险；使感兴"
"words_data.js","5085","terrible","DOUBLED_DOT|BAD_POS_PREFIX","aaddjj.. 可极怕好的的；；很极糟其的的；，令非人常讨的厌；的可怕"
"words_data.js","5097","than","NO_POS_PREFIX","之后）；除…外（用于other等之后）；与其…（用于 rather等之后）；一…就（用于 no sooner等之后）"
"words_data.js","5102","theatre","DOUBLED_DOT|BAD_POS_PREFIX","nn.. 电电影影院院，，戏戏院院；，戏剧剧场；；阶戏梯剧式；讲手堂术"
"words_data.js","5110","then","BAD_POS_PREFIX","caodnj. j理. 然论后的，；当理时论上的；假设的；推"
"words_data.js","5115","thereafter","DOUBLED_DOT|BAD_POS_PREFIX","aaddvv.. 其从后而；，从因那此时；以在后那附近；在那方"
"words_data.js","5130","thirst","BAD_POS_PREFIX|INTERLEAVED","nad. 渴j. 口望渴；的口，渴口；干热的望；渴望的，热望"
"words_data.js","5163","tidy","DOUBLED_DOT|BAD_POS_PREFIX","nn.. 椅领子带的；背平罩局；鞋带；领结；不分胜"
"words_data.js","5175","tiny","BAD_POS_PREFIX|INTERLEAVED","and. 小j. 微费小；的尖；端很；少小的建议，小窍门；轻"
"words_data.js","5186","toe","BAD_POS_PREFIX|INTERLEAVED","nad. 脚j. 新趾潮；的足；尖情绪稳定的，做事有效"
"words_data.js","5224","toy","DOUBLED_DOT|BAD_POS_PREFIX","nn.. 玩痕具迹；，小踪装迹饰；品微；量不；值[仪钱] 迹的线东；西缰"
"words_data.js","5246","transit","DOUBLED_DOT|BAD_POS_PREFIX","nn.. 运过输渡；；经转过变；[分子生物] 转换；变"
"words_data.js","5251","transmit","BAD_POS_PREFIX","vatd. j传. 透输明；的传；播显；然发的射；；坦传率达的；；遗易传懂"
"words_data.js","5252","transparent","NO_POS_PREFIX|INTERLEAVED","的n. 移植；移植器官；被移植物；移居"
"words_data.js","5264","tremble","BAD_POS_PREFIX|INTERLEAVED","nad. 颤j. 极抖大；的战，栗巨；大摇的晃；惊人的；极好"
"words_data.js","5327","umbrella","BAD_POS_PREFIX|INTERLEAVED","nad. 雨j. 全伞体；一保致护的伞；；意庇见护一；致伞的形；结无构异"
"words_data.js","5337","underline","BAD_POS_PREFIX|INTERLEAVED","nad. 下j. 潜划在线的；；下根期本节的目；预在告下面的；优"
"words_data.js","5345","undoubtedly","BAD_POS_PREFIX","aaddvj. . 不确舒实服地的，；毋心庸神置不疑安的的；不稳定"
"words_data.js","5354","unique","DOUBLED_DOT|BAD_POS_PREFIX","nn.. 独单一位无，二单的元人；或装物置；[军] 部队；部"
"words_data.js","5365","until","BAD_POS_PREFIX","padrej.p 不. 在寻…常以的前；；与到众…不为同止的；不平常"
"words_data.js","5375","upstairs","BAD_POS_PREFIX|INTERLEAVED","nad. 楼j. 最上新的，最近的；现代的，新式"
"words_data.js","5395","vacuum","BAD_POS_PREFIX|INTERLEAVED","nad. 真j. 模空糊；的空；间含；糊真的空；吸不尘明器确的；暧"
"words_data.js","5396","vague","NO_POS_PREFIX|INTERLEAVED","昧ad的j. 徒劳的；自负的；无结果的；无"
"words_data.js","5397","vain","NO_POS_PREFIX|INTERLEAVED","用ad的j. 有效的；有根据的；合法的；正"
"words_data.js","5400","valuable","DOUBLED_DOT|BAD_POS_PREFIX","nn.. 贵值重；物价品值；价格；重要性；确切涵"
"words_data.js","5404","vanish","DOUBLED_DOT|BAD_POS_PREFIX","nn.. 弱虚化荣音心；空虚；浮华；无价值的东"
"words_data.js","5417","vegetarian","DOUBLED_DOT|BAD_POS_PREFIX","nn.. 素植食被者；；植食物草，动草物木；呆板单调的生"
"words_data.js","5426","venue","INTERLEAVED","n. 审判地；犯罪地点；发生地点；集合n. 地动点词；动词词性；动词性短语或从"
"words_data.js","5470","visual","DOUBLED_DOT|BAD_POS_PREFIX","aaddjj.. 视至觉关的重，要视的力；的生；死栩攸栩关如的生；的有活"
"words_data.js","5523","watt","DOUBLED_DOT|BAD_POS_PREFIX","nn.. 瓦波特动；波浪；高潮；挥手示意；卷"
"words_data.js","5551","well","BAD_POS_PREFIX|INTERLEAVED","nad. 井j. 著；名源的泉；众所周知的；清楚明白"
"words_data.js","5587","why","DOUBLED_DOT|BAD_POS_PREFIX","iandtj.. 哎邪呀恶！的什；么恶？劣的；不道德的；顽"
"words_data.js","5605","wire","DOUBLED_DOT|BAD_POS_PREFIX","nn.. 电智线慧；，金才属智丝；；明电智报；学识；至理名"
"words_data.js","5624","wool","INTERLEAVED","n. 羊毛；毛线；绒线；毛织品；毛料衣n. 物[语] 单词；话语；消息；诺言；命"
"words_database.json","34","accommodate","DOUBLED_DOT|BAD_POS_PREFIX","vni.. 住适处应，；膳调宿解；调节；和解；预订铺"
"words_database.json","66","actress","BAD_POS_PREFIX|INTERLEAVED","nad. 女j. 真演实员的，实际的；现行的，目前"
"words_database.json","89","advance","BAD_POS_PREFIX|INTERLEAVED","nad. 发j. 先展进；的前；进高；级增的长；；晚预期付的款；年老"
"words_database.json","91","advantage","DOUBLED_DOT|BAD_POS_PREFIX","nn.. 优到势来；；利出益现；；有基利督条降件临；基督降临"
"words_database.json","131","agree","BAD_POS_PREFIX","vaid. jv. i令. 同人意愉，快意的见；一适致合；的约；定和，蔼商可定亲"
"words_database.json","132","agreeable","NO_POS_PREFIX|INTERLEAVED","的n. 农业；农耕；农业生产；农艺，农"
"words_database.json","144","albeit","BAD_POS_PREFIX|INTERLEAVED","cno. n相j.簿 虽；然唱；片即集使；集邮簿；签名纪念"
"words_database.json","201","analyse","DOUBLED_DOT|BAD_POS_PREFIX","vvtt.. 分对析…进；行分分解析；，细分察解（等于"
"words_database.json","202","analyze","NO_POS_PREFIX","任何人；任何一个"
"words_database.json","206","ancestor","DOUBLED_DOT|BAD_POS_PREFIX","nn.. 始锚祖；，抛祖锚先停；泊被；继靠承山人；新闻节目主"
"words_database.json","226","antenna","BAD_POS_PREFIX","nvt. . [预电期讯，] 天期线望；；[动占]先 触，角抢，先[昆；]提 触前须使"
"words_database.json","229","anxiety","BAD_POS_PREFIX|INTERLEAVED","nad. 焦j. 焦虑虑；的渴；望担；忧挂的念；；渴令望人的焦；虑急的切事"
"words_database.json","275","architect","DOUBLED_DOT|BAD_POS_PREFIX","nn.. 建建筑筑师学；建筑风格；建筑式样；架"
"words_database.json","299","article","BAD_POS_PREFIX|INTERLEAVED","nad. 文j. 发章音；清物晰品的；；条口款才；好[语的] ；冠有词关节"
"words_database.json","301","artificial","INTERLEAVED","adj. 人造的；仿造的；虚伪的；非原产n. 地艺的术；家武；断美的术家（尤指画家）；大"
"words_database.json","303","artistic","BAD_POS_PREFIX","acodnj. j艺. 因术为的；；随风着雅；的虽；然有；美依感照的；当…"
"words_database.json","307","ash","BAD_POS_PREFIX|INTERLEAVED","nad. 灰j. 惭；愧灰的烬，感到难为情的；耻于……"
"words_database.json","310","aside","BAD_POS_PREFIX|INTERLEAVED","pvtr.e 问p.， 在询…问旁；边要求；需要；邀请；讨"
"words_database.json","371","fall","DOUBLED_DOT|BAD_POS_PREFIX","nn.. 下助降动；词秋；天辅；助瀑者布，辅助物；附属机"
"words_database.json","386","awful","DOUBLED_DOT|BAD_POS_PREFIX","aaddjj.. 可尴怕尬的的；；极笨坏拙的的；；使棘人手敬的畏；的不合"
"words_database.json","387","awkward","NO_POS_PREFIX","适的"
"words_database.json","408","balcony","BAD_POS_PREFIX|INTERLEAVED","nad. 阳j. 秃台顶；的包；厢光；秃戏的院；楼单厅调的；无装"
"words_database.json","409","bald","NO_POS_PREFIX","饰的"
"words_database.json","428","bargain","DOUBLED_DOT|BAD_POS_PREFIX","nn.. 交树易皮；；便深宜青货棕；色契；约毛皮；皮肤；狗"
"words_database.json","429","bark","NO_POS_PREFIX","在…之间"
"words_database.json","489","benefit","BAD_POS_PREFIX|INTERLEAVED","nad. 利j. 良益性，的好；处和；蔼救的济，金亲切的；吉利"
"words_database.json","519","bit","NO_POS_PREFIX","少量；马嚼子；辅币；老一套；一点，一块"
"words_database.json","521","bitter","BAD_POS_PREFIX|INTERLEAVED","nad. 苦j. 奇味异；的苦（啤指酒态度，容貌，款式"
"words_database.json","522","bizarre","NO_POS_PREFIX","等）"
"words_database.json","543","blow","BAD_POS_PREFIX|INTERLEAVED","nad. 吹j. 蓝；色打的击；；沮殴丧打的，忧郁的；下流"
"words_database.json","544","blue","NO_POS_PREFIX","种情况或境地"
"words_database.json","546","blunder","BAD_POS_PREFIX|INTERLEAVED","nad. 大j. 钝错的，不锋利的；生硬的；直率"
"words_database.json","547","blunt","NO_POS_PREFIX","眉毛；额；表情"
"words_database.json","552","boat","DOUBLED_DOT|BAD_POS_PREFIX","nn.. 小身船体；；轮主船体；大量；团体；主要部"
"words_database.json","553","body","NO_POS_PREFIX","水桶；铲斗；一桶的量"
"words_database.json","593","brandy","DOUBLED_DOT|BAD_POS_PREFIX","nn.. 白黄兰铜地；酒黄铜制品；铜管乐器；厚脸"
"words_database.json","594","brass","NO_POS_PREFIX","馆；小餐馆"
"words_database.json","615","bring","INTERLEAVED","vt. 带来；促使；引起；使某人处于某种ad情j. 敏况锐或的境，地活泼的，轻快的；凛冽"
"words_database.json","626","bruise","DOUBLED_DOT|BAD_POS_PREFIX","nn.. 擦刷伤子；；挫画伤笔；；青毛肿笔；争吵；与某人"
"words_database.json","627","brush","NO_POS_PREFIX","有效冲突；灌木丛地带；矮树丛；狐狸尾巴"
"words_database.json","636","bulb","DOUBLED_DOT|BAD_POS_PREFIX","nn.. 电体灯积泡，；容鳞量茎；；大球多状数物，大部分；大"
"words_database.json","653","bush","DOUBLED_DOT|BAD_POS_PREFIX","nn.. 灌商木业；；矮[贸树易丛] 生意；[贸易] 交易；"
"words_database.json","654","business","NO_POS_PREFIX","事情"
"words_database.json","667","cabin","DOUBLED_DOT|BAD_POS_PREFIX","nn.. 小内屋阁；；客橱舱柜；；船展舱览艺术品的小陈列"
"words_database.json","668","cabinet","NO_POS_PREFIX","制度；审查机构"
"words_database.json","671","café","NO_POS_PREFIX","分之一）；公分"
"words_database.json","702","capsule","DOUBLED_DOT|BAD_POS_PREFIX","nn.. 胶队囊长；，[首植领] 蒴；果船；长太；空上舱尉；；小海容军器上"
"words_database.json","703","captain","NO_POS_PREFIX","回；（俱乐部、协会等的）分"
"words_database.json","717","carriage","INTERLEAVED","n. 运输；运费；四轮马车；举止；客车n. 厢[化学] 载体；运送者；带菌者；货"
"words_database.json","749","celebrity","DOUBLED_DOT|BAD_POS_PREFIX","nn.. 名细人胞；；名电声池；蜂房的巢室；单人小"
"words_database.json","757","centigrade","NO_POS_PREFIX","貌的；根据民法的"
"words_database.json","786","chapter","INTERLEAVED","n. 章，回；（俱乐部、协会等的）分会n. ；性人格生，或品历质史；上特的性重；要角时色期；[计] 字"
"words_database.json","787","character","NO_POS_PREFIX","别在某物上，用夹子夹在某物上"
"words_database.json","799","cheat","DOUBLED_DOT|BAD_POS_PREFIX","nn.. 欺<美骗>，支作票弊；；制骗止子，抑制；检验，核"
"words_database.json","808","cheque","DOUBLED_DOT|BAD_POS_PREFIX","nn.. 支<美票>支票；制止，抑制；检验，核"
"words_database.json","836","cigarette","DOUBLED_DOT|BAD_POS_PREFIX","nn.. 香电烟影；；纸电烟影院；电影业，电影制作"
"words_database.json","910","cognitive","DOUBLED_DOT|BAD_POS_PREFIX","aaddjj.. 认连知贯的的，，认一识致的的；明了的；清晰"
"words_database.json","911","coherent","NO_POS_PREFIX","的；凝聚性的；互相耦合的；粘在一起的"
"words_database.json","929","colonial","DOUBLED_DOT|BAD_POS_PREFIX","nn.. 殖殖民民地地居；民移民队；种群；动物栖息"
"words_database.json","937","combine","DOUBLED_DOT|BAD_POS_PREFIX","nvi.. 联来合；收开割始机；；出联现合；企发业生；变成；到"
"words_database.json","938","come","NO_POS_PREFIX","真的；尽责的；本着良心的；"
"words_database.json","975","compete","BAD_POS_PREFIX","vaid. j竞. 胜争任；的比；赛有；能对力抗的；能干的；足"
"words_database.json","976","competent","NO_POS_PREFIX","够的"
"words_database.json","1107","conversely","BAD_POS_PREFIX|INTERLEAVED","and. 转v. 换相；反变地换；[金融] 兑换；改变信"
"words_database.json","1108","conversion","NO_POS_PREFIX","的）臀肉；银行储蓄"
"words_database.json","1135","correspondence","DOUBLED_DOT|BAD_POS_PREFIX","nn.. 通通信讯；记一者致；；客相户当；通信者；代理商"
"words_database.json","1136","correspondent","NO_POS_PREFIX","期限，最后期限"
"words_database.json","1137","corridor","NO_POS_PREFIX","走廊"
"words_database.json","1151","council","INTERLEAVED","n. 委员会；会议；理事会；地方议会n. ；法顾律问顾班问子；忠告；商议；讨论；决"
"words_database.json","1169","coward","DOUBLED_DOT|BAD_POS_PREFIX","nn.. 懦螃夫蟹，；懦蟹弱肉的；人脾气乖戾的人；起重"
"words_database.json","1202","crown","BAD_POS_PREFIX|INTERLEAVED","nad. 王j. 重冠要；的花；冠决；定王性权的；；顶定点局的；决"
"words_database.json","1203","crucial","NO_POS_PREFIX","断的"
"words_database.json","1342","deploy","DOUBLED_DOT|BAD_POS_PREFIX","nn.. 部存署款；押金；订金；保证金；沉淀"
"words_database.json","1372","destruction","BAD_POS_PREFIX|INTERLEAVED","nad. 破j. 破坏坏，的毁；灭毁；灭摧性毁的；有害的，消"
"words_database.json","1373","destructive","NO_POS_PREFIX","极的"
"words_database.json","1391","diagnose","NO_POS_PREFIX","疑的；暧昧的；无把握的；半；鸭肉；（英）宝贝儿；零分"
"words_database.json","1428","diplomatic","DOUBLED_DOT|BAD_POS_PREFIX","aaddjj.. 外直交接的的；；外直交系上的的；；亲老身练的的；恰好"
"words_database.json","1433","directory","NO_POS_PREFIX","效的，起作用的；实际的，实"
"words_database.json","1466","disperse","DOUBLED_DOT|BAD_POS_PREFIX","vvtt.. 分取散代；；使置散换开；；转传移播；把…免职；排"
"words_database.json","1467","displace","NO_POS_PREFIX","说服力的；动人的"
"words_database.json","1470","dispose","DOUBLED_DOT|BAD_POS_PREFIX","nn.. 处处置置；；性[心情理] 性情；[军] 部署；倾"
"words_database.json","1471","disposition","NO_POS_PREFIX","邮件"
"words_database.json","1479","distill","BAD_POS_PREFIX","vatd. j提. 明取显；的蒸；馏独；特使的滴；下清楚的；有区"
"words_database.json","1480","distinct","NO_POS_PREFIX","别的"
"words_database.json","1487","district","BAD_POS_PREFIX","nvt. . 区打域扰；；地妨方碍；；行使政不区安；弄乱；使恼"
"words_database.json","1488","disturb","NO_POS_PREFIX","实证的"
"words_database.json","1532","dozen","DOUBLED_DOT|BAD_POS_PREFIX","nn.. 十汇二票个；，草一稿打；选派；（尤指房间、"
"words_database.json","1533","draft","NO_POS_PREFIX","烟囱、炉子等供暖系统中的）（小股）气流"
"words_database.json","1536","drain","DOUBLED_DOT|BAD_POS_PREFIX","nn.. 排戏水剧；，下戏水剧道艺，术排；水剧管本；；消戏耗剧性事"
"words_database.json","1608","edition","DOUBLED_DOT|BAD_POS_PREFIX","nn.. 版编本者，编辑；社论撰写人；编辑装"
"words_database.json","1624","eject","BAD_POS_PREFIX","vatd. j喷. 精射心；制驱作逐的，；逐详出尽的；煞费苦心"
"words_database.json","1637","elegant","INTERLEAVED","adj. 高雅的，优雅的；讲究的；简炼的n. ；元简素洁；的要素；原理；成分；自然环"
"words_database.json","1655","embassy","BAD_POS_PREFIX","nvt. . 大栽使种馆；；使大嵌使入馆，全使体插人入员；使深留脑"
"words_database.json","1698","engagement","DOUBLED_DOT|BAD_POS_PREFIX","nn.. 婚引约擎；，约发会动；机交；战机；车诺，言火车头；工"
"words_database.json","1699","engine","NO_POS_PREFIX","定；集中于；扎牢；强加于"
"words_database.json","1705","enlighten","BAD_POS_PREFIX","vatd. j启. 庞发大，的启，蒙巨；大教的导；，凶开暴导的；，照极耀恶"
"words_database.json","1715","ensure","DOUBLED_DOT|BAD_POS_PREFIX","vvtt.. 保使证需，要确，保必；需使；安承全担；遗传给；蕴"
"words_database.json","1728","entry","INTERLEAVED","n. 进入；入口；条目；登记；报关手续n. ；信对封土，地封的皮侵；占包膜；[天] 包层；包"
"words_database.json","1729","envelope","NO_POS_PREFIX","的；娇柔的"
"words_database.json","1734","epidemic","DOUBLED_DOT|BAD_POS_PREFIX","nn.. 传插染曲病；；一流段行情病节；；风插尚话等；的有流趣行的事"
"words_database.json","1735","episode","NO_POS_PREFIX","建制度的；领地的；世仇的"
"words_database.json","1738","equality","DOUBLED_DOT|BAD_POS_PREFIX","nn.. 平方等程；式相，等等；式[；数相] 等等式；[化学] 反应"
"words_database.json","1739","equation","NO_POS_PREFIX","的）体形；画像"
"words_database.json","1769","evaluate","DOUBLED_DOT|BAD_POS_PREFIX","vvtt.. 评使价……；蒸估发价；；使求………的脱值水；使……消"
"words_database.json","1810","exclude","BAD_POS_PREFIX","vnt. . 独排家除新；闻排；斥独；家拒经绝营接的纳项；目逐；出排外"
"words_database.json","1822","exhibition","DOUBLED_DOT|BAD_POS_PREFIX","nn.. 展流览放，，显充示军；；展放览逐会，；被展放览逐品者；流"
"words_database.json","1844","explanation","BAD_POS_PREFIX|INTERLEAVED","nad. 说j. 明明确，的解；释清；楚辩的解；直率的；详述"
"words_database.json","1857","extend","INTERLEAVED","vt. 延伸；扩大；推广；伸出；给予；使n. 竭延尽长全；力延；期对；…扩估大价；伸展；电话分"
"words_database.json","1867","extraordinary","INTERLEAVED","adj. 非凡的；特别的；离奇的；临时的ad；j. 奢特侈派的的；浪费的；过度的；放纵"
"words_database.json","1868","extravagant","NO_POS_PREFIX|INTERLEAVED","的n. 极端；末端；最大程度；极端的事"
"words_database.json","1876","fabulous","INTERLEAVED","adj. 难以置信的；传说的，寓言中的n. ；脸极；好表的面；面子；面容；外观；威"
"words_database.json","1884","faculty","DOUBLED_DOT|BAD_POS_PREFIX","nn.. 科[电，影系][电；视能]力 淡；出全；体[电教影员][电视] 淡"
"words_database.json","1899","famine","BAD_POS_PREFIX|INTERLEAVED","nad. 饥j. 著荒名；的饥；饿极，好奇的缺，非常令人满意"
"words_database.json","1910","farmer","BAD_POS_PREFIX|INTERLEAVED","nad. 农j. 进夫一，步农的民；更远的（far的比较"
"words_database.json","1911","farther","NO_POS_PREFIX","级）"
"words_database.json","1927","favourable","DOUBLED_DOT|BAD_POS_PREFIX","nn.. 有幸利运儿；喜欢的事物；特别喜欢的"
"words_database.json","1928","favorite","NO_POS_PREFIX","概念；产生；一代人；生殖"
"words_database.json","1936","feather","DOUBLED_DOT|BAD_POS_PREFIX","nn.. 羽特毛色，特征；容貌；特写或专题节"
"words_database.json","1941","fee","BAD_POS_PREFIX|INTERLEAVED","nad. 费j. 微用弱；的酬，金无；力小的费；虚弱的；薄弱"
"words_database.json","1942","feeble","NO_POS_PREFIX|INTERLEAVED","的n. 饲料；饲养；（动物或婴儿的）一"
"words_database.json","1998","flame","DOUBLED_DOT|BAD_POS_PREFIX","nn.. 火拍焰打；，热拍情打；声光；辉神经紧张；[航] 襟"
"words_database.json","2021","fluctuate","BAD_POS_PREFIX","vaid. j波. 流动畅；的涨，落流；利动的摇；液态的；畅流"
"words_database.json","2040","for","INTERLEAVED","prep. 为，为了；因为；给；对于；至于vt.； 禁适止合；于不准；不允许；〈正式〉严"
"words_database.json","2041","forbid","NO_POS_PREFIX","学生宿舍；大厅，前厅；娱乐中心，；立定；休息"
"words_database.json","2045","forehead","BAD_POS_PREFIX|INTERLEAVED","nad. 额j. 外，国前的额；外交的；异质的；不相"
"words_database.json","2046","foreign","NO_POS_PREFIX","关的"
"words_database.json","2113","fruit","BAD_POS_PREFIX|INTERLEAVED","nad. 水j. 富果有；成产效物的；多产的；果实结得"
"words_database.json","2114","fruitful","NO_POS_PREFIX","多的"
"words_database.json","2122","fun","DOUBLED_DOT|BAD_POS_PREFIX","nn.. 乐功趣能；；玩[数笑] 函；数有；趣职的责人；或盛事大的集"
"words_database.json","2123","function","NO_POS_PREFIX","平；天空；由麻醉品引起的快"
"words_database.json","2167","generalize","DOUBLED_DOT|BAD_POS_PREFIX","vvit.. 形使成形概成念；发生；生殖；产生物理反"
"words_database.json","2168","generate","NO_POS_PREFIX","怕的；极讨厌的；惨状；极端厌恶；令人恐怖"
"words_database.json","2214","gold","BAD_POS_PREFIX|INTERLEAVED","nad. 金j. 金，色黄的金，；黄金金色般；的金；币珍贵的；金"
"words_database.json","2215","golden","NO_POS_PREFIX","制的"
"words_database.json","2230","graceful","DOUBLED_DOT|BAD_POS_PREFIX","aaddjj.. 优亲雅切的的；；优高美尚的的；和蔼的；雅致"
"words_database.json","2256","greenhouse","BAD_POS_PREFIX","nvt. . 温欢室迎，迎接；致敬，致意；映入眼"
"words_database.json","2298","half","DOUBLED_DOT|BAD_POS_PREFIX","nn.. 一过半道；，半门场厅；，半走学廊年；会堂；食堂；"
"words_database.json","2299","hall","NO_POS_PREFIX","学生宿舍；大厅，前厅；娱乐中心，会所"
"words_database.json","2320","harbour","BAD_POS_PREFIX|INTERLEAVED","nad. 海j. 努港力（的等；于硬ha的rb；or困）难；的避；难辛所苦"
"words_database.json","2321","hard","NO_POS_PREFIX","的；确实的；严厉的；猛烈的；冷酷无情的"
"words_database.json","2331","haste","BAD_POS_PREFIX|INTERLEAVED","nad. 匆j. 轻忙率；的急；忙匆；忙轻的率；草率的；懈怠"
"words_database.json","2336","hatred","DOUBLED_DOT|BAD_POS_PREFIX","nn.. 憎拖恨，；拉怨；恨用；力敌拖意拉；努力得到的结"
"words_database.json","2337","haul","NO_POS_PREFIX","果；捕获物；一网捕获的鱼量；拖运距离"
"words_database.json","2365","hell","INTERLEAVED","n. 地狱；究竟（作加强语气词）；训斥n. ；表黑示暗问势候力， 惊奇或唤起注意时的用"
"words_database.json","2373","henceforth","NO_POS_PREFIX","apdrovn. 今. 她后（；s自he此的以宾后格）；她的（she"
"words_database.json","2374","her","NO_POS_PREFIX","的所有格）；她（指某个国家；一艘船n. ）预兆，征兆；先驱；传令官；报信"
"words_database.json","2422","homogeneous","INTERLEAVED","adj. 均匀的；[数] 齐次的；同种的；同类ad的j. 诚，实同的质，的实在的；可靠的；坦率"
"words_database.json","2471","humour","BAD_POS_PREFIX|INTERLEAVED","nad. 幽j. 诙默谐（的等，于幽hu默m的or；）滑；稽诙的谐，可笑"
"words_database.json","2472","humorous","NO_POS_PREFIX","权，审判权，管辖权；权限，"
"words_database.json","2475","hunger","BAD_POS_PREFIX|INTERLEAVED","nad. 饿j. 饥，饿饥的饿；；渴渴望望的；荒年的；不毛"
"words_database.json","2497","identify","NO_POS_PREFIX|INTERLEAVED","与；把…看成一样 vi. 确定；认同；一致n. 身份；同一性，一致；特性；恒等"
"words_database.json","2516","image","BAD_POS_PREFIX|INTERLEAVED","nad. 影j. 虚像构；的想，象假；想肖的像；；想偶像像的；虚数"
"words_database.json","2553","inch","DOUBLED_DOT|BAD_POS_PREFIX","nn.. 英发寸生；率身；高影；响少；许[光] 入射；影响范"
"words_database.json","2554","incidence","NO_POS_PREFIX","业期；设计；安排；陈列"
"words_database.json","2595","inflict","INTERLEAVED","vt. 造成；使遭受（损伤、痛苦等）；给n. 予影（响打；击势等力）；感化；有影响的人或"
"words_database.json","2632","inspiration","BAD_POS_PREFIX","nvt. . 灵激感发；；鼓鼓舞舞；；吸启气示；；妙产计生；使生灵"
"words_database.json","2633","inspire","NO_POS_PREFIX","凌乱"
"words_database.json","2646","instruct","BAD_POS_PREFIX","vnt. . 指指令导，；命通令知；；指命示令；；教教导授；用法说"
"words_database.json","2653","insure","BAD_POS_PREFIX","vatd. j确. 完保整，的保；证原；封给不…动保的险；未受损伤"
"words_database.json","2662","intend","BAD_POS_PREFIX","vaid. j有. 强打烈算的；紧张的；非常的；热情"
"words_database.json","2669","interest","BAD_POS_PREFIX|INTERLEAVED","nad. 兴j. 有趣趣，的爱；好引；起利兴息趣；的趣，味令；人同关行注"
"words_database.json","2670","interesting","NO_POS_PREFIX","情，爱意；疼爱；热爱；爱"
"words_database.json","2754","judgement","BAD_POS_PREFIX|INTERLEAVED","nad. 意j. 公见正；的判，断明力断；的[法；] 法审庭判的；；评审价判"
"words_database.json","2755","judicial","NO_POS_PREFIX","上的"
"words_database.json","2822","landlady","DOUBLED_DOT|BAD_POS_PREFIX","nn.. 女小房巷东；；[航女][水地运主]； 航女线店；主车道；罚球"
"words_database.json","2823","lane","NO_POS_PREFIX","含有害物质的的；一英里赛跑；较大的距离"
"words_database.json","2840","latitude","BAD_POS_PREFIX|INTERLEAVED","nad. 纬j. 后度者；的界；限近；来活的动；范后围面的；较后"
"words_database.json","2848","lawn","DOUBLED_DOT|BAD_POS_PREFIX","nn.. 草诉地讼；（草尤坪指非刑事案件）；诉讼案"
"words_database.json","2867","lease","BAD_POS_PREFIX|INTERLEAVED","nad. 租j. 最约小；的租；期最；少租的赁（物l；itt租le的赁最权高"
"words_database.json","2868","least","NO_POS_PREFIX","级）"
"words_database.json","2877","legislation","BAD_POS_PREFIX|INTERLEAVED","nad. 立j. 合法法；的法；律正当的；合理的；正统"
"words_database.json","2881","lend","BAD_POS_PREFIX","vnt. . 长贷度；，增长添；，时提间供的；长把短…；…借（给语）音"
"words_database.json","2926","lip","BAD_POS_PREFIX|INTERLEAVED","nad. 嘴j. 液唇体；的边；缘清澈的；明亮的；易变"
"words_database.json","2927","liquid","NO_POS_PREFIX|INTERLEAVED","的n. 酒，含酒精饮料；溶液；液体；烈"
"words_database.json","2937","litter","INTERLEAVED","n. 垃圾；轿，担架；一窝（动物的幼崽ad）j. 小；的凌；乱很少的；短暂的；小巧可"
"words_database.json","2938","little","NO_POS_PREFIX","爱的"
"words_database.json","2973","lottery","INTERLEAVED","n. 彩票；碰运气的事，难算计的事；抽ad彩j. 大给声奖的法，高声的；不断的；喧吵"
"words_database.json","2974","loud","NO_POS_PREFIX|INTERLEAVED","的n. 休息室；闲逛；躺椅；（英）酒吧"
"words_database.json","2995","lyric","BAD_POS_PREFIX|INTERLEAVED","and. 机j. 抒械情，的机；器吟；唱机的构；机械般工作的"
"words_database.json","2997","machinery","BAD_POS_PREFIX|INTERLEAVED","nad. 机j. 疯械狂；的机；器发；疯机的构；；愚机蠢械的装；置着迷"
"words_database.json","3004","magnetic","DOUBLED_DOT|BAD_POS_PREFIX","aaddjj.. 地高磁尚的的；；有壮磁丽性的的；；华有丽吸的引；力宏的伟"
"words_database.json","3014","maintenance","DOUBLED_DOT|BAD_POS_PREFIX","nn.. 维威护严，；维最修高；权保威持，；王生权活；费雄用伟；权"
"words_database.json","3015","majesty","NO_POS_PREFIX|INTERLEAVED","威adj. 主要的；重要的；主修的；较多"
"words_database.json","3016","major","NO_POS_PREFIX","北方"
"words_database.json","3057","massacre","BAD_POS_PREFIX","vatd. j残. 大杀量；的彻；底巨击大败的，厚重的；魁伟"
"words_database.json","3058","massive","NO_POS_PREFIX","橹；桨手"
"words_database.json","3063","mate","BAD_POS_PREFIX|INTERLEAVED","nad. 助j. 重手要，的大；副物；质配的偶，；实同质事性；的配；对肉物"
"words_database.json","3064","material","NO_POS_PREFIX","体的"
"words_database.json","3078","meal","BAD_POS_PREFIX|INTERLEAVED","nad. 一j. 平餐均，的一；顿卑饭鄙；的膳；食低劣的；吝啬"
"words_database.json","3106","memo","DOUBLED_DOT|BAD_POS_PREFIX","nn.. 备纪忘念录碑，纪念馆；纪念仪式；纪念"
"words_database.json","3107","memorial","NO_POS_PREFIX","旧的，古老的；年老的；遗漏；删除；疏忽"
"words_database.json","3132","metric","DOUBLED_DOT|BAD_POS_PREFIX","aaddjj.. 公大制都的市；的米；制大的主；教公辖尺区的的；宗主"
"words_database.json","3133","metropolitan","NO_POS_PREFIX","国的"
"words_database.json","3135","microscope","BAD_POS_PREFIX|INTERLEAVED","nad. 显j. 中微间镜的，中部的；中级的，中等"
"words_database.json","3150","mind","DOUBLED_DOT|BAD_POS_PREFIX","nn.. 理矿智，，矿精藏神；；矿意山见，；矿智井力；；地记雷忆，力水"
"words_database.json","3163","minute","INTERLEAVED","n. 分，分钟；片刻，一会儿；备忘录n. ，奇笔迹记，；奇会迹议般记的录人或物；惊人的事"
"words_database.json","3164","miracle","NO_POS_PREFIX","建议）应该"
"words_database.json","3175","missionary","BAD_POS_PREFIX|INTERLEAVED","and. 薄j. 传雾教；的视；线传模教糊士不的清；模糊不清之"
"words_database.json","3208","monopoly","BAD_POS_PREFIX|INTERLEAVED","nad. 垄j. 单断调；的垄，断无者抑；扬专顿卖挫权的；无变化"
"words_database.json","3257","musician","BAD_POS_PREFIX|INTERLEAVED","nau. 音x. 乐必家须，一定；可以，应当；很可"
"words_database.json","3277","nation","BAD_POS_PREFIX|INTERLEAVED","nad. 国j. 国家家；的民；族国；民国的民；民族的；国立"
"words_database.json","3280","native","INTERLEAVED","adj. 本国的；土著的；天然的；与生俱ad来j. 自的然；的天；赋物的质的；天生的；不做"
"words_database.json","3281","natural","NO_POS_PREFIX","作的"
"words_database.json","3297","needle","BAD_POS_PREFIX|INTERLEAVED","nad. 针j. [；数指] 负针的；；刺消激极；的针；状否物定的；阴性"
"words_database.json","3308","nerve","BAD_POS_PREFIX|INTERLEAVED","nad. 神j. 神经经；的勇；气紧；张[植不] 安叶的脉；强健有力"
"words_database.json","3320","next","BAD_POS_PREFIX","aaddvj. . 精然密后的；；下美次好；的其；次细微的；和蔼"
"words_database.json","3331","no","BAD_POS_PREFIX","aaddvj. . 高不尚的；贵族的；惰性的；宏伟"
"words_database.json","3359","nothing","BAD_POS_PREFIX","neg. 没什么；毫不"
"words_database.json","3379","numerous","BAD_POS_PREFIX","avtd. j.看 许护多，的护，理很；多照的顾；培养；给…喂"
"words_database.json","3423","offend","BAD_POS_PREFIX","vatd. j冒. 攻犯击；的使；…冒不犯愉的快；无礼的；讨厌"
"words_database.json","3424","offensive","NO_POS_PREFIX","优雅的"
"words_database.json","3437","omit","BAD_POS_PREFIX","vatd. v省. 向略前；地遗；漏作；用删中除，；行疏动忽中；继续"
"words_database.json","3438","on","NO_POS_PREFIX","全体居民"
"words_database.json","3443","only","NO_POS_PREFIX","apdrevp. .只 在，…仅之仅上；；不对料…了解；映射到…"
"words_database.json","3489","orphan","DOUBLED_DOT|BAD_POS_PREFIX","aaddjj.. 孤正儿统的的；；无传双统亲的的；惯常的；东正"
"words_database.json","3490","orthodox","NO_POS_PREFIX","教的"
"words_database.json","3493","ought to","BAD_POS_PREFIX","modalv. 应该；应当；（表示期望或可能发生的事）应该；（表示劝告或建议）应该"
"words_database.json","3531","overthrow","DOUBLED_DOT|BAD_POS_PREFIX","nn.. 推[劳翻经；] 加倾班覆时；间瓦；解延长时间；加时"
"words_database.json","3554","painful","BAD_POS_PREFIX","avtd. j.油 痛漆苦；的绘；画疼；痛装的饰；；令涂人色不于快；的描"
"words_database.json","3555","paint","NO_POS_PREFIX","绘；（用语言，文字等）描写；擦脂粉等"
"words_database.json","3578","parallel","BAD_POS_PREFIX","nvt. . 平使行…线…无；力对；比使……麻痹；使……瘫"
"words_database.json","3598","passage","DOUBLED_DOT|BAD_POS_PREFIX","nn.. 一旅段客（；文乘章客）；；过走路廊人；；通碍路手碍脚的"
"words_database.json","3599","passenger","NO_POS_PREFIX","块；吹嘘，宣传广告"
"words_database.json","3611","path","BAD_POS_PREFIX|INTERLEAVED","nad. 道j. 可路怜；的小，路悲；哀轨的道；感伤的；乏味"
"words_database.json","3712","pile","DOUBLED_DOT|BAD_POS_PREFIX","nn.. 堆朝；圣大者量；；漫建游筑者群；（美）最初的移"
"words_database.json","3752","pleasure","DOUBLED_DOT|BAD_POS_PREFIX","nn.. 快保乐证；，希誓望言；；娱抵乐押；；令抵人押高品兴，的典事当"
"words_database.json","3753","pledge","NO_POS_PREFIX|INTERLEAVED","物adj. 丰富的；许多的；丰饶的；众多"
"words_database.json","3754","plentiful","NO_POS_PREFIX","之物或人；次品；庆祝；使…有联系；叙述；故事；亲属关系；关联；相关物；[语] 关系词；亲缘"
"words_database.json","3790","pool","BAD_POS_PREFIX|INTERLEAVED","nad. 联j. 贫营穷；的撞；球可；怜水的塘；；贫共乏同的资；金卑鄙"
"words_database.json","3791","poor","NO_POS_PREFIX|INTERLEAVED","的abbr. 卖点广告（Point of"
"words_database.json","3800","portable","DOUBLED_DOT|BAD_POS_PREFIX","nn.. 手门提房式；打服字务机员；行李搬运工；守门"
"words_database.json","3824","poultry","DOUBLED_DOT|BAD_POS_PREFIX","nn.. 家英禽镑；重击，重击声；兽栏；拘留"
"words_database.json","3910","process","INTERLEAVED","n. 过程，进行；方法，步骤；作用；程n. 序队；伍推，移行列；一列，一排；列队行"
"words_database.json","3933","prolong","BAD_POS_PREFIX","vatd. j延. 突长出；的拖，延显著的；杰出的；卓越"
"words_database.json","3934","prominent","NO_POS_PREFIX","出售"
"words_database.json","3946","propel","BAD_POS_PREFIX","vatd. j推. 适进当；的驱；使本；身激的励；；特驱有策的；正派"
"words_database.json","3998","pursuit","DOUBLED_DOT|BAD_POS_PREFIX","nn.. 追推赶，，决追心求；；大职规业模，攻工势作；矢志的追"
"words_database.json","4050","raise","DOUBLED_DOT|BAD_POS_PREFIX","nn.. 高耙地子；；上斜升度；；加钱薪耙；放荡的人，浪"
"words_database.json","4108","recollect","BAD_POS_PREFIX","vv.t .回 推忆荐，，想介起绍；劝告；使受欢迎；托"
"words_database.json","4129","refine","DOUBLED_DOT|BAD_POS_PREFIX","vvtt.. 精反炼映，；提反纯射；，改照善出；；使表…达文；雅显示;反"
"words_database.json","4130","reflect","NO_POS_PREFIX","下；（中小学生对男教师的称呼）先；迷人的女人；歌声动人的女；（称志同道合者）姐妹；修"
"words_database.json","4148","region","DOUBLED_DOT|BAD_POS_PREFIX","nn.. 地登区记；；范注围册；；部记位录；寄存器；登记"
"words_database.json","4165","relax","INTERLEAVED","vi. 放松，休息；松懈，松弛；变从容n. ；[电休] 养继电器；接替，接替人员；驿"
"words_database.json","4178","remain","DOUBLED_DOT|BAD_POS_PREFIX","nn.. 遗[数迹] 余；数剩，余残物余，；残剩骸余物；其余的"
"words_database.json","4179","remainder","NO_POS_PREFIX","阴险的人"
"words_database.json","4254","résumé","NO_POS_PREFIX","特价商品"
"words_database.json","4290","rigid","INTERLEAVED","adj. 严格的；僵硬的，死板的；坚硬的ad；j. 严精格确的的，严厉的；严密的；严酷"
"words_database.json","4291","rigorous","NO_POS_PREFIX","发的；自然的；无意识的"
"words_database.json","4292","rim","DOUBLED_DOT|BAD_POS_PREFIX","nn.. 边戒，指边；缘铃；声轮，辋钟；声圆；圈拳击场；环形"
"words_database.json","4293","ring","NO_POS_PREFIX","员；运动家；冒险家"
"words_database.json","4307","robot","INTERLEAVED","n. 机器人；遥控设备，自动机械；机械ad般j. 强工健作的的；人健康的；粗野的；粗鲁"
"words_database.json","4313","roll","DOUBLED_DOT|BAD_POS_PREFIX","nn.. 卷传，奇卷；形浪物漫；史名；单风；流摇韵晃事；冒险故"
"words_database.json","4335","rubbish","BAD_POS_PREFIX|INTERLEAVED","nad. 垃j. 粗圾鲁，的废；物无；礼废的话；狂暴的；未开"
"words_database.json","4336","rude","NO_POS_PREFIX","化的"
"words_database.json","4339","rule","DOUBLED_DOT|BAD_POS_PREFIX","nn.. 统尺治；；统规治则者；[测] 划线板，划线的"
"words_database.json","4374","sandwich","BAD_POS_PREFIX|INTERLEAVED","nad. 三j. 健明全治的；；夹理心智面的包；[临床] 神志正常"
"words_database.json","4390","saw","BAD_POS_PREFIX","nvt. . 锯讲子；；说谚明语；例如；声称；假设；指"
"words_database.json","4416","scold","DOUBLED_DOT|BAD_POS_PREFIX","nn.. 责范骂围；；爱余责地骂；的视人野；眼界；导弹射"
"words_database.json","4450","segment","BAD_POS_PREFIX","nvt. . 段使；隔部离分；使分离；在…实行种族隔"
"words_database.json","4461","seminar","DOUBLED_DOT|BAD_POS_PREFIX","nn.. 讨参论议会院，，研上讨院班；（古罗马的）元老"
"words_database.json","4462","senate","NO_POS_PREFIX","或理解"
"words_database.json","4470","sentence","DOUBLED_DOT|BAD_POS_PREFIX","nn.. [感语情][计，]情 句绪子；，情命操题；；观宣点判；，多判愁决善"
"words_database.json","4474","sequence","DOUBLED_DOT|BAD_POS_PREFIX","nn.. [电数视][计连]续 序剧列；；[图顺情序]； 期续刊发；事连件载小"
"words_database.json","4475","serial","NO_POS_PREFIX|INTERLEAVED","说n. 系列，连续；[电] 串联；级数；丛"
"words_database.json","4476","series","NO_POS_PREFIX","于沼泽；使沉没；使陷入困境；天鹅星座；一大群；摇摆；统治；诅咒"
"words_database.json","4490","several","DOUBLED_DOT|BAD_POS_PREFIX","aaddjj.. 几严个峻的的；；各严自厉的的；剧烈的；苛刻"
"words_database.json","4493","sex","BAD_POS_PREFIX|INTERLEAVED","nad. 性j. 破；旧性的别；；卑性鄙行的为；；吝色啬情的；低劣"
"words_database.json","4563","signify","BAD_POS_PREFIX","vnt. . 沉表默示；；寂意静味；；缄预默示；不谈；无声状"
"words_database.json","4584","sip","DOUBLED_DOT|BAD_POS_PREFIX","nn.. 抿先；生小；口（喝用；于单姓列名直前插）式爵组士件；阁"
"words_database.json","4585","sir","NO_POS_PREFIX","下；（中小学生对男教师的称呼）先生；老师"
"words_database.json","4609","sky","DOUBLED_DOT|BAD_POS_PREFIX","nn.. 天摩空天；楼顶，点超高层大楼；特别高的东"
"words_database.json","4670","solar","DOUBLED_DOT|BAD_POS_PREFIX","nn.. 日军光人浴；室[昆] 兵蚁；懒汉；一片烤面"
"words_database.json","4672","sole","BAD_POS_PREFIX|INTERLEAVED","nad. 鞋j. 庄底严；的脚，底严；肃基的础；；隆鳎重目的鱼，郑重"
"words_database.json","4677","solo","BAD_POS_PREFIX|INTERLEAVED","nad. 独j. [奏化；学独] 可唱溶；的独，奏可曲溶解的；可解决"
"words_database.json","4743","sphere","BAD_POS_PREFIX|INTERLEAVED","nad. 范j. 辛围辣；的球；体香的，多香料的；下流"
"words_database.json","4745","spider","DOUBLED_DOT|BAD_POS_PREFIX","nn.. 蜘溢蛛出；，设溅圈出套；者溢；出三量脚；架摔下；小塞"
"words_database.json","4754","splash","BAD_POS_PREFIX|INTERLEAVED","nad. 飞j. 辉溅煌的的水；；灿污烂点的；；卖极弄好的；杰出"
"words_database.json","4787","stagger","BAD_POS_PREFIX|INTERLEAVED","nad. 蹒j. 停跚滞；的交；错不安景排气的；污浊的；迟"
"words_database.json","4788","stagnant","NO_POS_PREFIX","钝的"
"words_database.json","4795","stale","DOUBLED_DOT|BAD_POS_PREFIX","nn.. 尿（植物的）茎，秆；（支持叶子、"
"words_database.json","4796","stalk","NO_POS_PREFIX","果实和花的）梗，柄；追踪；高视阔步"
"words_database.json","4835","stick","BAD_POS_PREFIX|INTERLEAVED","nad. 棍j. 呆；板手的杖；；坚呆硬头的呆；脑严的厉人的；拘谨"
"words_database.json","4851","store","DOUBLED_DOT|BAD_POS_PREFIX","nn.. 商故店事；；储小备说，；贮新藏闻；报仓道库；来历；假"
"words_database.json","4854","storm","DOUBLED_DOT|BAD_POS_PREFIX","nn.. 暴故风事雨；；小大说动；荡新闻报道；来历；假"
"words_database.json","4856","straight","BAD_POS_PREFIX|INTERLEAVED","nad. 直j. 简；单直的线；；坦直率男的，；直明女确，的异；性径恋直者"
"words_database.json","4872","stretch","INTERLEAVED","vt. 伸展,张开；（大量地）使用，消耗（金钱，时间）；使竭尽所能；使全力ad以j. 严赴格；的；绝对的；精确的；详细"
"words_database.json","4883","stroll","BAD_POS_PREFIX|INTERLEAVED","nad. 漫j. 坚步强；的闲；逛强；壮巡的回；演牢出固的；擅长"
"words_database.json","4884","strong","NO_POS_PREFIX","兰；堇菜；羞怯的人"
"words_database.json","4892","stumble","DOUBLED_DOT|BAD_POS_PREFIX","nn.. 绊昏倒迷；；蹒打跚昏而；行惊倒；令人惊叹的事"
"words_database.json","4893","stun","NO_POS_PREFIX","力的"
"words_database.json","4916","succession","BAD_POS_PREFIX|INTERLEAVED","nad. 连j. 连续续；的继；位继；承继的承；权依；次[生的态；] 接演替替"
"words_database.json","4929","suicide","DOUBLED_DOT|BAD_POS_PREFIX","nn.. 自诉杀讼；；自恳杀求行；为套；装自，杀西者装；一套外"
"words_database.json","4965","surface","DOUBLED_DOT|BAD_POS_PREFIX","nn.. 表汹面涌；；表大层浪；，外波观涛；汹涌澎湃；巨"
"words_database.json","4966","surge","NO_POS_PREFIX","巨大的东西"
"words_database.json","5016","table","DOUBLED_DOT|BAD_POS_PREFIX","nn.. 桌碑子；；药表片格；；写平字地板层；小块；平板电"
"words_database.json","5028","tall","DOUBLED_DOT|BAD_POS_PREFIX","aaddjj.. 高驯的服；的长；的平；淡过的分；的乏；味夸的大；的顺从"
"words_database.json","5048","tease","INTERLEAVED","vt. 取笑；戏弄；梳理；欺负；强求；使ad起j. 工毛艺的，科技的；技术上的；专"
"words_database.json","5049","technical","NO_POS_PREFIX","门的"
"words_database.json","5069","temporary","BAD_POS_PREFIX","nvt. . 临诱时惑工；，引临起时；雇冒员…的风险；使感兴"
"words_database.json","5085","terrible","DOUBLED_DOT|BAD_POS_PREFIX","aaddjj.. 可极怕好的的；；很极糟其的的；，令非人常讨的厌；的可怕"
"words_database.json","5097","than","NO_POS_PREFIX","之后）；除…外（用于other等之后）；与其…（用于 rather等之后）；一…就（用于 no sooner等之后）"
"words_database.json","5102","theatre","DOUBLED_DOT|BAD_POS_PREFIX","nn.. 电电影影院院，，戏戏院院；，戏剧剧场；；阶戏梯剧式；讲手堂术"
"words_database.json","5110","then","BAD_POS_PREFIX","caodnj. j理. 然论后的，；当理时论上的；假设的；推"
"words_database.json","5111","theoretical","NO_POS_PREFIX","理的"
"words_database.json","5115","thereafter","DOUBLED_DOT|BAD_POS_PREFIX","aaddvv.. 其从后而；，从因那此时；以在后那附近；在那方"
"words_database.json","5130","thirst","BAD_POS_PREFIX|INTERLEAVED","nad. 渴j. 口望渴；的口，渴口；干热的望；渴望的，热望"
"words_database.json","5163","tidy","DOUBLED_DOT|BAD_POS_PREFIX","nn.. 椅领子带的；背平罩局；鞋带；领结；不分胜"
"words_database.json","5175","tiny","BAD_POS_PREFIX|INTERLEAVED","and. 小j. 微费小；的尖；端很；少小的建议，小窍门；轻"
"words_database.json","5186","toe","BAD_POS_PREFIX|INTERLEAVED","nad. 脚j. 新趾潮；的足；尖情绪稳定的，做事有效"
"words_database.json","5187","together","NO_POS_PREFIX","率的"
"words_database.json","5224","toy","DOUBLED_DOT|BAD_POS_PREFIX","nn.. 玩痕具迹；，小踪装迹饰；品微；量不；值[仪钱] 迹的线东；西缰"
"words_database.json","5246","transit","DOUBLED_DOT|BAD_POS_PREFIX","nn.. 运过输渡；；经转过变；[分子生物] 转换；变"
"words_database.json","5251","transmit","BAD_POS_PREFIX","vatd. j传. 透输明；的传；播显；然发的射；；坦传率达的；；遗易传懂"
"words_database.json","5252","transparent","NO_POS_PREFIX|INTERLEAVED","的n. 移植；移植器官；被移植物；移居"
"words_database.json","5264","tremble","BAD_POS_PREFIX|INTERLEAVED","nad. 颤j. 极抖大；的战，栗巨；大摇的晃；惊人的；极好"
"words_database.json","5327","umbrella","BAD_POS_PREFIX|INTERLEAVED","nad. 雨j. 全伞体；一保致护的伞；；意庇见护一；致伞的形；结无构异"
"words_database.json","5328","unanimous","NO_POS_PREFIX","议的"
"words_database.json","5337","underline","BAD_POS_PREFIX|INTERLEAVED","nad. 下j. 潜划在线的；；下根期本节的目；预在告下面的；优"
"words_database.json","5338","underlying","NO_POS_PREFIX","先的"
"words_database.json","5345","undoubtedly","BAD_POS_PREFIX","aaddvj. . 不确舒实服地的，；毋心庸神置不疑安的的；不稳定"
"words_database.json","5354","unique","DOUBLED_DOT|BAD_POS_PREFIX","nn.. 独单一位无，二单的元人；或装物置；[军] 部队；部"
"words_database.json","5365","until","BAD_POS_PREFIX","padrej.p 不. 在寻…常以的前；；与到众…不为同止的；不平常"
"words_database.json","5375","upstairs","BAD_POS_PREFIX|INTERLEAVED","nad. 楼j. 最上新的，最近的；现代的，新式"
"words_database.json","5395","vacuum","BAD_POS_PREFIX|INTERLEAVED","nad. 真j. 模空糊；的空；间含；糊真的空；吸不尘明器确的；暧"
"words_database.json","5396","vague","NO_POS_PREFIX|INTERLEAVED","昧ad的j. 徒劳的；自负的；无结果的；无"
"words_database.json","5397","vain","NO_POS_PREFIX|INTERLEAVED","用ad的j. 有效的；有根据的；合法的；正"
"words_database.json","5398","valid","NO_POS_PREFIX","当的"
"words_database.json","5400","valuable","DOUBLED_DOT|BAD_POS_PREFIX","nn.. 贵值重；物价品值；价格；重要性；确切涵"
"words_database.json","5404","vanish","DOUBLED_DOT|BAD_POS_PREFIX","nn.. 弱虚化荣音心；空虚；浮华；无价值的东"
"words_database.json","5417","vegetarian","DOUBLED_DOT|BAD_POS_PREFIX","nn.. 素植食被者；；植食物草，动草物木；呆板单调的生"
"words_database.json","5426","venue","INTERLEAVED","n. 审判地；犯罪地点；发生地点；集合n. 地动点词；动词词性；动词性短语或从"
"words_database.json","5470","visual","DOUBLED_DOT|BAD_POS_PREFIX","aaddjj.. 视至觉关的重，要视的力；的生；死栩攸栩关如的生；的有活"
"words_database.json","5471","vital","NO_POS_PREFIX","力的"
"words_database.json","5523","watt","DOUBLED_DOT|BAD_POS_PREFIX","nn.. 瓦波特动；波浪；高潮；挥手示意；卷"
"words_database.json","5551","well","BAD_POS_PREFIX|INTERLEAVED","nad. 井j. 著；名源的泉；众所周知的；清楚明白"
"words_database.json","5587","why","DOUBLED_DOT|BAD_POS_PREFIX","iandtj.. 哎邪呀恶！的什；么恶？劣的；不道德的；顽"
"words_database.json","5588","wicked","NO_POS_PREFIX","皮的"
"words_database.json","5605","wire","DOUBLED_DOT|BAD_POS_PREFIX","nn.. 电智线慧；，金才属智丝；；明电智报；学识；至理名"
"words_database.json","5624","wool","INTERLEAVED","n. 羊毛；毛线；绒线；毛织品；毛料衣n. 物[语] 单词；话语；消息；诺言；命"
"cross-file","3","abandon","CROSS_FILE_DIFF","words_data.js: vt. 放弃；遗弃；沉溺于  ||  words_database.json: n. 放任；狂热"
"cross-file","387","awkward","CROSS_FILE_DIFF","words_data.js: adj. 尴尬的；笨拙的；棘手的  ||  words_database.json: 适的"
"cross-file","409","bald","CROSS_FILE_DIFF","words_data.js: adj. 秃头的；单调的；赤裸的  ||  words_database.json: 饰的"
"cross-file","976","competent","CROSS_FILE_DIFF","words_data.js: adj. 有能力的；胜任的；称职的  ||  words_database.json: 够的"
"cross-file","1203","crucial","CROSS_FILE_DIFF","words_data.js: adj. 至关重要的；决定性的  ||  words_database.json: 断的"
"cross-file","1373","destructive","CROSS_FILE_DIFF","words_data.js: adj. 破坏性的；有害的  ||  words_database.json: 极的"
"cross-file","1480","distinct","CROSS_FILE_DIFF","words_data.js: adj. 明显的；有区别的；清晰的  ||  words_database.json: 别的"
"cross-file","1488","disturb","CROSS_FILE_DIFF","words_data.js: vt. 打扰；扰乱；使不安  ||  words_database.json: 实证的"
"cross-file","2046","foreign","CROSS_FILE_DIFF","words_data.js: adj. 外国的；外来的；对外的  ||  words_database.json: 关的"
"cross-file","2114","fruitful","CROSS_FILE_DIFF","words_data.js: adj. 多产的；富有成效的  ||  words_database.json: 多的"
"cross-file","2215","golden","CROSS_FILE_DIFF","words_data.js: adj. 金色的；宝贵的；极好的  ||  words_database.json: 制的"
"cross-file","2755","judicial","CROSS_FILE_DIFF","words_data.js: adj. 司法的；审判的；法官的  ||  words_database.json: 上的"
"cross-file","2938","little","CROSS_FILE_DIFF","words_data.js: adj. 小的；少的；幼小的  ||  words_database.json: 爱的"
"cross-file","3064","material","CROSS_FILE_DIFF","words_data.js: n. 材料；原料；素材；物质  ||  words_database.json: 体的"
"cross-file","3133","metropolitan","CROSS_FILE_DIFF","words_data.js: adj. 大都市的；都会的  ||  words_database.json: 国的"
"cross-file","3281","natural","CROSS_FILE_DIFF","words_data.js: adj. 自然的；天然的；天生的  ||  words_database.json: 作的"
"cross-file","3424","offensive","CROSS_FILE_DIFF","words_data.js: adj. 冒犯的；无礼的；攻击性的  ||  words_database.json: 优雅的"
"cross-file","3490","orthodox","CROSS_FILE_DIFF","words_data.js: adj. 正统的；传统的；正派的  ||  words_database.json: 教的"
"cross-file","4336","rude","CROSS_FILE_DIFF","words_data.js: adj. 粗鲁的；无礼的；原始的  ||  words_database.json: 化的"
"cross-file","4788","stagnant","CROSS_FILE_DIFF","words_data.js: adj. 停滞的；不发展的；迟钝的  ||  words_database.json: 钝的"
"cross-file","4893","stun","CROSS_FILE_DIFF","words_data.js: vt. 使震惊；使目瞪口呆；打晕  ||  words_database.json: 力的"
"cross-file","5049","technical","CROSS_FILE_DIFF","words_data.js: adj. 技术的；专业的；工艺的  ||  words_database.json: 门的"
"cross-file","5111","theoretical","CROSS_FILE_DIFF","words_data.js: adj. 理论的；假设的；推理的  ||  words_database.json: 理的"
"cross-file","5187","together","CROSS_FILE_DIFF","words_data.js: adv. 一起；共同；同时  ||  words_database.json: 率的"
"cross-file","5328","unanimous","CROSS_FILE_DIFF","words_data.js: adj. 全体一致的；一致同意的  ||  words_database.json: 议的"
"cross-file","5338","underlying","CROSS_FILE_DIFF","words_data.js: adj. 潜在的；根本的；下面的  ||  words_database.json: 先的"
"cross-file","5398","valid","CROSS_FILE_DIFF","words_data.js: adj. 有效的；正当的；合理的  ||  words_database.json: 当的"
"cross-file","5471","vital","CROSS_FILE_DIFF","words_data.js: adj. 至关重要的；生命的；充满活力的  ||  words_database.json: 力的"
"cross-file","5588","wicked","CROSS_FILE_DIFF","words_data.js: adj. 邪恶的；恶劣的；缺德的  ||  words_database.json: 皮的"